No. Agent,Hold,Tea Break,Lunch Break,Manual_dial_Break,Auxillary_Break,Total,date
1001,0:00:00,0:34:32,0:21:24,2:23:45,0:04:48,3:24:29,2020-04-06
1002,0:00:00,0:43:33,0:00:00,0:35:36,0:00:00,1:19:09,2020-04-06
1003,0:00:00,0:00:00,0:00:00,0:24:54,0:00:00,0:24:54,2020-04-06
1004,0:00:00,0:00:00,0:00:00,0:00:00,0:00:00,0:00:00,2020-04-06
1005,0:00:00,0:13:43,0:25:53,0:00:00,0:00:00,0:39:36,2020-04-06
1006,0:00:00,0:02:55,0:00:00,2:30:51,0:00:00,2:33:46,2020-04-06
1007,0:00:00,1:39:41,0:00:00,2:36:24,0:00:00,4:16:05,2020-04-06
1008,0:00:00,0:04:59,0:23:48,2:15:24,0:00:00,2:44:11,2020-04-06
1009,0:00:00,0:00:00,0:14:33,0:15:01,0:56:54,1:26:28,2020-04-06
1010,0:00:00,0:30:04,0:00:00,0:44:00,0:00:00,1:14:04,2020-04-06
1011,0:00:00,0:00:00,0:00:00,0:00:00,0:00:00,0:00:00,2020-04-06
1012,0:00:00,0:00:00,0:00:00,0:00:00,0:00:00,0:00:00,2020-04-06
1013,0:00:00,0:00:02,0:13:39,0:47:41,0:00:00,1:01:22,2020-04-06
1014,0:00:00,0:00:00,0:00:00,0:00:00,0:00:00,0:00:00,2020-04-06
1015,0:00:00,0:00:00,0:00:00,0:00:00,0:00:00,0:00:00,2020-04-06
1016,0:00:00,0:00:00,0:00:00,0:00:00,0:00:00,0:00:00,2020-04-06
1017,0:00:00,0:00:00,0:00:00,0:00:00,0:00:00,0:00:00,2020-04-06
1018,0:00:00,0:09:37,0:00:00,2:08:33,0:00:00,2:18:10,2020-04-06
1019,0:00:00,0:08:16,0:15:05,0:50:18,0:00:00,1:13:39,2020-04-06
1020,0:00:00,0:00:00,0:00:00,0:00:00,0:00:00,0:00:00,2020-04-06
1021,0:00:00,0:13:17,0:23:04,0:43:50,0:17:18,1:37:29,2020-04-06
1022,0:00:00,0:00:00,0:34:17,0:40:58,0:01:51,1:17:06,2020-04-06
1023,0:00:00,0:00:00,0:38:48,0:34:52,0:00:00,1:13:40,2020-04-06
1024,0:00:00,0:09:45,0:40:05,0:13:37,0:43:46,1:47:13,2020-04-06
1025,0:00:00,0:00:00,0:00:00,0:00:00,0:00:00,0:00:00,2020-04-06
1026,0:00:00,0:00:00,0:00:00,0:00:00,0:00:00,0:00:00,2020-04-06
1027,0:00:00,0:00:00,0:00:00,0:00:00,0:00:00,0:00:00,2020-04-06
1028,0:00:00,0:00:00,0:48:56,7:42:17,0:00:00,8:31:13,2020-04-06
1029,0:00:00,0:00:00,0:00:00,0:00:00,0:00:00,0:00:00,2020-04-06
1030,0:00:00,0:41:00,0:41:29,0:58:29,0:20:20,2:41:18,2020-04-06
1031,0:00:00,0:00:00,0:00:00,0:00:00,0:00:00,0:00:00,2020-04-06
1032,0:00:00,0:29:19,0:26:57,3:49:40,0:00:00,4:45:56,2020-04-06
1033,0:00:00,0:00:00,0:00:00,0:00:00,0:00:00,0:00:00,2020-04-06
1034,0:00:00,0:00:00,0:00:00,0:00:00,0:00:00,0:00:00,2020-04-06
1035,0:00:00,0:00:00,0:00:00,0:00:00,0:00:00,0:00:00,2020-04-06
1050,0:00:00,0:00:00,0:00:00,0:00:00,0:00:00,0:00:00,2020-04-06
9999,0:00:00,0:00:00,0:00:00,0:00:00,0:00:00,0:00:00,2020-04-06
4001,0:00:00,0:00:00,0:00:00,0:00:00,0:00:00,0:00:00,2020-04-06
4002,0:00:00,0:00:00,0:00:00,0:00:00,0:00:00,0:00:00,2020-04-06
4003,0:00:00,0:00:00,0:00:00,0:00:00,0:00:00,0:00:00,2020-04-06
4004,0:00:00,0:00:00,0:00:00,0:00:00,0:00:00,0:00:00,2020-04-06
2001,0:00:00,0:00:00,0:00:00,0:00:00,0:00:00,0:00:00,2020-04-06
2002,0:00:00,0:00:00,0:00:00,0:00:00,0:00:00,0:00:00,2020-04-06
2003,0:00:00,0:00:00,0:00:00,0:00:00,0:00:00,0:00:00,2020-04-06
2004,0:00:00,0:00:00,0:00:00,0:00:00,0:00:00,0:00:00,2020-04-06
2005,0:00:00,0:00:00,0:00:00,0:00:00,0:00:00,0:00:00,2020-04-06
2006,0:00:00,0:00:00,0:00:00,0:00:00,0:00:00,0:00:00,2020-04-06
2007,0:00:00,0:00:00,0:00:00,0:00:00,0:00:00,0:00:00,2020-04-06
2008,0:00:00,0:00:00,0:00:00,0:00:00,0:00:00,0:00:00,2020-04-06
2009,0:00:00,0:00:00,0:00:00,0:00:00,0:00:00,0:00:00,2020-04-06
8888,0:00:00,0:00:00,0:00:00,0:00:00,0:00:00,0:00:00,2020-04-06
1001,0:00:00,0:48:41,0:37:03,1:13:44,0:15:56,2:55:24,2020-04-15
1002,0:00:00,0:25:39,0:00:00,9:48:22,0:00:00,10:14:01,2020-04-15
1003,0:00:00,0:00:00,0:00:00,0:00:00,0:00:00,0:00:00,2020-04-15
1004,0:00:00,0:00:00,0:00:00,0:00:00,0:00:00,0:00:00,2020-04-15
1005,0:00:00,0:16:56,0:28:37,0:00:00,0:02:21,0:47:54,2020-04-15
1006,0:00:00,0:00:00,0:00:00,0:00:00,0:00:00,0:00:00,2020-04-15
1007,0:00:00,0:37:52,0:00:00,2:19:41,0:21:23,3:18:56,2020-04-15
1008,0:00:00,0:00:00,0:24:41,2:15:53,0:00:00,2:40:34,2020-04-15
1009,0:00:00,0:26:27,0:20:51,0:00:00,0:00:00,0:47:18,2020-04-15
1010,0:00:00,0:00:00,0:00:00,1:32:36,0:00:00,1:32:36,2020-04-15
1011,0:00:00,0:00:00,0:00:00,0:00:00,0:00:00,0:00:00,2020-04-15
1012,0:00:00,0:00:00,0:00:00,0:00:00,0:00:00,0:00:00,2020-04-15
1013,0:00:00,0:12:59,0:28:15,1:23:35,0:00:00,2:04:49,2020-04-15
1014,0:00:00,0:00:00,0:00:00,0:00:00,0:00:00,0:00:00,2020-04-15
1015,0:00:00,0:00:00,0:00:00,0:00:00,0:00:00,0:00:00,2020-04-15
1016,0:00:00,0:00:00,0:00:00,0:00:00,0:00:00,0:00:00,2020-04-15
1017,0:00:00,0:00:00,0:00:00,0:00:00,0:00:00,0:00:00,2020-04-15
1018,0:00:00,0:21:15,0:43:13,2:01:18,0:00:00,3:05:46,2020-04-15
1019,0:00:00,0:00:00,0:00:00,0:00:00,0:00:00,0:00:00,2020-04-15
1020,0:00:00,1:30:52,0:00:00,0:00:00,0:00:00,1:30:52,2020-04-15
1021,0:00:00,0:31:47,0:32:41,1:08:48,0:03:49,2:17:05,2020-04-15
1022,0:00:00,0:11:21,0:29:54,1:22:20,0:05:20,2:08:55,2020-04-15
1023,0:00:00,0:00:00,0:00:00,0:00:00,0:00:00,0:00:00,2020-04-15
1024,0:00:00,0:14:04,0:21:28,1:55:11,0:08:52,2:39:35,2020-04-15
1025,0:00:00,0:00:00,0:00:00,0:00:00,0:00:00,0:00:00,2020-04-15
1026,0:00:00,0:22:33,0:10:29,2:45:33,0:00:00,3:18:35,2020-04-15
1027,0:00:00,1:06:23,0:32:28,2:16:23,0:00:00,3:55:14,2020-04-15
1028,0:00:00,0:11:57,0:51:34,4:22:37,0:00:00,5:26:08,2020-04-15
1029,0:00:00,0:00:00,0:00:00,0:00:00,0:00:00,0:00:00,2020-04-15
1030,0:00:00,0:38:45,0:31:47,1:09:59,0:22:24,2:42:55,2020-04-15
1031,0:00:00,0:00:00,0:00:00,0:00:00,0:00:00,0:00:00,2020-04-15
1032,0:00:00,0:37:46,0:27:01,2:58:09,0:00:00,4:02:56,2020-04-15
1033,0:00:00,0:00:00,0:00:00,0:00:00,0:00:00,0:00:00,2020-04-15
1034,0:00:00,0:00:00,0:00:00,0:00:00,0:00:00,0:00:00,2020-04-15
1035,0:00:00,0:00:00,0:00:00,0:00:00,0:00:00,0:00:00,2020-04-15
1050,0:00:00,0:00:00,0:00:00,0:00:00,0:00:00,0:00:00,2020-04-15
9999,0:00:00,0:00:00,0:00:00,0:00:00,0:00:00,0:00:00,2020-04-15
4001,0:00:00,0:00:00,0:00:00,0:00:00,0:00:00,0:00:00,2020-04-15
4002,0:00:00,0:00:00,0:00:00,0:00:00,0:00:00,0:00:00,2020-04-15
4003,0:00:00,0:00:00,0:00:00,0:00:00,0:00:00,0:00:00,2020-04-15
4004,0:00:00,0:00:00,0:00:00,0:00:00,0:00:00,0:00:00,2020-04-15
2001,0:00:00,0:00:00,0:00:00,0:00:00,0:00:00,0:00:00,2020-04-15
2002,0:00:00,0:00:00,0:00:00,0:00:00,0:00:00,0:00:00,2020-04-15
2003,0:00:00,0:00:00,0:00:00,0:00:00,0:00:00,0:00:00,2020-04-15
2004,0:00:00,0:00:00,0:00:00,0:00:00,0:00:00,0:00:00,2020-04-15
2005,0:00:00,0:00:00,0:00:00,0:00:00,0:00:00,0:00:00,2020-04-15
2006,0:00:00,0:00:00,0:00:00,0:00:00,0:00:00,0:00:00,2020-04-15
2007,0:00:00,0:00:00,0:00:00,0:00:00,0:00:00,0:00:00,2020-04-15
2008,0:00:00,0:00:00,0:00:00,0:00:00,0:00:00,0:00:00,2020-04-15
2009,0:00:00,0:00:00,0:00:00,0:00:00,0:00:00,0:00:00,2020-04-15
8888,0:00:00,0:00:00,0:00:00,0:00:00,0:00:00,0:00:00,2020-04-15
1001,0:00:00,0:28:05,0:40:00,7:19:49,0:00:00,8:27:54,2020-04-01
1002,0:00:00,0:01:21,0:00:00,7:52:16,0:00:00,7:53:37,2020-04-01
1003,0:00:00,0:00:00,0:36:06,2:58:20,0:03:11,3:37:37,2020-04-01
1004,0:00:00,0:00:00,0:00:00,0:00:00,0:00:00,0:00:00,2020-04-01
1005,0:00:00,0:00:00,0:00:00,0:00:00,0:00:00,0:00:00,2020-04-01
1006,0:00:00,0:35:16,0:00:00,2:39:16,0:00:00,3:14:32,2020-04-01
1007,0:00:00,0:13:12,0:00:00,5:00:48,0:14:45,5:28:45,2020-04-01
1008,0:00:00,0:00:00,0:00:00,4:43:18,0:00:00,4:43:18,2020-04-01
1009,0:00:00,0:00:00,0:00:00,0:00:00,0:00:00,0:00:00,2020-04-01
1010,0:00:00,0:00:00,0:00:00,4:31:08,0:00:00,4:31:08,2020-04-01
1011,0:00:00,0:00:00,0:00:00,0:00:00,0:00:00,0:00:00,2020-04-01
1012,0:00:00,0:00:00,0:00:00,0:00:00,0:00:00,0:00:00,2020-04-01
1013,0:00:00,0:00:00,0:00:00,7:30:04,0:00:00,7:30:04,2020-04-01
1014,0:00:00,0:00:00,0:00:00,0:00:00,0:00:00,0:00:00,2020-04-01
1015,0:00:00,0:00:00,0:00:00,0:00:00,0:00:00,0:00:00,2020-04-01
1016,0:00:00,0:00:00,0:00:00,0:00:00,0:00:00,0:00:00,2020-04-01
1017,0:00:00,0:00:00,0:00:00,0:00:00,0:00:00,0:00:00,2020-04-01
1018,0:00:00,0:00:00,0:00:00,0:00:00,0:00:00,0:00:00,2020-04-01
1019,0:00:00,0:00:00,0:22:48,0:00:00,0:00:00,0:22:48,2020-04-01
1020,0:00:00,0:31:34,0:00:00,0:00:00,0:22:19,0:53:53,2020-04-01
1021,0:00:00,0:00:00,0:00:00,0:00:00,0:00:00,0:00:00,2020-04-01
1022,0:00:00,0:00:00,0:00:00,0:22:20,0:10:25,0:32:45,2020-04-01
1023,0:00:00,0:00:00,0:28:22,2:46:57,0:00:00,3:15:19,2020-04-01
1024,0:00:00,0:00:00,0:08:29,3:35:56,0:13:41,3:58:06,2020-04-01
1025,0:00:00,0:00:00,0:00:00,0:00:00,0:00:00,0:00:00,2020-04-01
1026,0:00:00,0:00:00,0:00:00,0:00:00,0:00:00,0:00:00,2020-04-01
1027,0:00:00,0:00:00,0:00:00,0:00:00,0:00:00,0:00:00,2020-04-01
1028,0:00:00,0:12:51,0:28:21,0:00:00,0:00:00,0:41:12,2020-04-01
1029,0:00:00,0:00:00,0:00:00,0:00:00,0:00:00,0:00:00,2020-04-01
1030,0:00:00,0:45:37,0:30:45,0:20:04,0:08:47,1:45:13,2020-04-01
1031,0:00:00,0:00:00,0:00:00,0:00:00,0:00:00,0:00:00,2020-04-01
1032,0:00:00,0:35:20,0:29:42,1:29:20,0:00:00,2:34:22,2020-04-01
1033,0:00:00,0:00:00,0:00:00,0:00:00,0:00:00,0:00:00,2020-04-01
1034,0:00:00,0:00:00,0:47:38,0:00:00,0:00:00,0:47:38,2020-04-01
1035,0:00:00,0:00:00,0:00:00,0:00:00,0:00:00,0:00:00,2020-04-01
1050,0:00:00,0:00:00,0:00:00,0:00:00,0:00:00,0:00:00,2020-04-01
9999,0:00:00,0:00:00,0:00:00,0:00:00,0:00:00,0:00:00,2020-04-01
4001,0:00:00,0:00:00,0:00:00,0:00:00,0:00:00,0:00:00,2020-04-01
4002,0:00:00,0:00:00,0:00:00,0:00:00,0:00:00,0:00:00,2020-04-01
4003,0:00:00,0:00:00,0:00:00,0:00:00,0:00:00,0:00:00,2020-04-01
4004,0:00:00,0:00:00,0:00:00,0:00:00,0:00:00,0:00:00,2020-04-01
2001,0:00:00,0:00:00,0:00:00,0:00:00,0:00:00,0:00:00,2020-04-01
2002,0:00:00,0:00:00,0:00:00,0:00:00,0:00:00,0:00:00,2020-04-01
2003,0:00:00,0:00:00,0:00:00,0:00:00,0:00:00,0:00:00,2020-04-01
2004,0:00:00,0:00:00,0:00:00,0:00:00,0:00:00,0:00:00,2020-04-01
2005,0:00:00,0:00:00,0:00:00,0:00:00,0:00:00,0:00:00,2020-04-01
2006,0:00:00,0:00:00,0:00:00,0:00:00,0:00:00,0:00:00,2020-04-01
2007,0:00:00,0:00:00,0:00:00,0:00:00,0:00:00,0:00:00,2020-04-01
2008,0:00:00,0:00:00,0:00:00,0:00:00,0:00:00,0:00:00,2020-04-01
2009,0:00:00,0:00:00,0:00:00,0:00:00,0:00:00,0:00:00,2020-04-01
8888,0:00:00,0:00:00,0:00:00,0:00:00,0:00:00,0:00:00,2020-04-01
1001,0:00:00,0:00:00,0:00:00,0:00:00,0:00:00,0:00:00,2020-04-22
1002,0:00:00,0:20:31,0:00:00,0:00:00,0:00:00,0:20:31,2020-04-22
1003,0:00:00,0:00:00,0:00:00,0:00:00,0:00:00,0:00:00,2020-04-22
1004,0:00:00,0:00:00,0:00:00,0:00:00,0:00:00,0:00:00,2020-04-22
1005,0:00:00,0:00:00,0:00:00,0:00:00,0:00:00,0:00:00,2020-04-22
1006,0:00:00,0:00:00,0:00:00,0:00:00,0:00:00,0:00:00,2020-04-22
1007,0:00:00,0:00:00,0:00:00,0:00:00,0:00:00,0:00:00,2020-04-22
1008,0:00:00,0:00:00,0:00:00,0:00:00,0:00:00,0:00:00,2020-04-22
1009,0:00:00,0:00:00,0:00:00,0:00:00,0:00:00,0:00:00,2020-04-22
1010,0:00:00,0:00:00,0:00:00,0:00:00,0:00:00,0:00:00,2020-04-22
1011,0:00:00,0:00:00,0:00:00,0:00:00,0:00:00,0:00:00,2020-04-22
1012,0:00:00,0:00:00,0:00:00,0:00:00,0:00:00,0:00:00,2020-04-22
1013,0:00:00,0:00:00,0:00:00,0:00:00,0:00:00,0:00:00,2020-04-22
1014,0:00:00,0:00:00,0:00:00,0:00:00,0:00:00,0:00:00,2020-04-22
1015,0:00:00,0:00:00,0:00:00,0:00:00,0:00:00,0:00:00,2020-04-22
1016,0:00:00,0:00:00,0:00:00,0:00:00,0:00:00,0:00:00,2020-04-22
1017,0:00:00,0:00:00,0:00:00,0:00:00,0:00:00,0:00:00,2020-04-22
1018,0:00:00,0:00:00,0:00:00,0:00:00,0:00:00,0:00:00,2020-04-22
1019,0:00:00,1:27:23,0:00:00,0:15:26,0:00:00,1:42:49,2020-04-22
1020,0:00:00,0:00:00,0:00:00,0:00:00,0:00:00,0:00:00,2020-04-22
1021,0:00:00,0:23:55,0:36:53,1:17:51,0:12:01,2:30:40,2020-04-22
1022,0:00:00,0:00:00,0:27:45,0:26:14,0:00:00,0:53:59,2020-04-22
1023,0:00:00,0:00:00,0:39:09,0:06:37,0:00:00,0:45:46,2020-04-22
1024,0:00:00,0:00:00,0:00:00,0:00:00,0:00:00,0:00:00,2020-04-22
1025,0:00:00,0:00:00,0:00:00,0:00:00,0:00:00,0:00:00,2020-04-22
1026,0:00:00,0:00:00,0:00:00,0:00:00,0:00:00,0:00:00,2020-04-22
1027,0:00:00,0:00:00,0:00:00,0:00:00,0:00:00,0:00:00,2020-04-22
1028,0:00:00,0:12:38,0:32:27,8:23:28,0:00:00,9:08:33,2020-04-22
1029,0:00:00,0:00:00,0:00:00,0:00:00,0:00:00,0:00:00,2020-04-22
1030,0:00:00,0:00:00,0:00:00,0:00:00,0:00:00,0:00:00,2020-04-22
1031,0:00:00,0:00:00,0:00:00,0:00:00,0:00:00,0:00:00,2020-04-22
1032,0:00:00,0:40:59,0:33:56,1:07:49,0:00:00,2:22:44,2020-04-22
1033,0:00:00,0:00:00,0:00:00,0:00:00,0:00:00,0:00:00,2020-04-22
1034,0:00:00,0:00:00,0:00:00,0:02:47,0:00:00,0:02:47,2020-04-22
1035,0:00:00,0:00:00,0:00:00,0:00:00,0:00:00,0:00:00,2020-04-22
1050,0:00:00,0:00:00,0:00:00,0:00:00,0:00:00,0:00:00,2020-04-22
9999,0:00:00,0:00:00,0:00:00,0:00:00,0:00:00,0:00:00,2020-04-22
4001,0:00:00,0:00:00,0:00:00,0:00:00,0:00:00,0:00:00,2020-04-22
4002,0:00:00,0:00:00,0:00:00,0:00:00,0:00:00,0:00:00,2020-04-22
4003,0:00:00,0:00:00,0:00:00,0:00:00,0:00:00,0:00:00,2020-04-22
4004,0:00:00,0:00:00,0:00:00,0:00:00,0:00:00,0:00:00,2020-04-22
2001,0:00:00,0:00:00,0:00:00,0:00:00,0:00:00,0:00:00,2020-04-22
2002,0:00:00,0:00:00,0:00:00,0:00:00,0:00:00,0:00:00,2020-04-22
2003,0:00:00,0:00:00,0:00:00,0:00:00,0:00:00,0:00:00,2020-04-22
2004,0:00:00,0:00:00,0:00:00,0:00:00,0:00:00,0:00:00,2020-04-22
2005,0:00:00,0:00:00,0:00:00,0:00:00,0:00:00,0:00:00,2020-04-22
2006,0:00:00,0:00:00,0:00:00,0:00:00,0:00:00,0:00:00,2020-04-22
2007,0:00:00,0:00:00,0:00:00,0:00:00,0:00:00,0:00:00,2020-04-22
2008,0:00:00,0:00:00,0:00:00,0:00:00,0:00:00,0:00:00,2020-04-22
2009,0:00:00,0:00:00,0:00:00,0:00:00,0:00:00,0:00:00,2020-04-22
8888,0:00:00,0:00:00,0:00:00,0:00:00,0:00:00,0:00:00,2020-04-22
1001,0:00:00,0:00:00,0:00:00,0:00:00,0:00:00,0:00:00,2020-04-05
1002,0:00:00,0:05:40,0:00:00,3:16:06,0:00:00,3:21:46,2020-04-05
1003,0:00:00,0:00:00,0:00:00,0:00:00,0:00:00,0:00:00,2020-04-05
1004,0:00:00,0:00:00,0:00:00,0:00:00,0:00:00,0:00:00,2020-04-05
1005,0:00:00,0:52:35,0:10:10,0:00:00,0:00:00,1:02:45,2020-04-05
1006,0:00:00,0:00:00,0:00:00,0:00:00,0:00:00,0:00:00,2020-04-05
1007,0:00:00,1:10:50,0:00:00,0:41:36,0:00:00,1:52:26,2020-04-05
1008,0:00:00,0:00:00,0:26:39,1:33:48,0:00:00,2:00:27,2020-04-05
1009,0:00:00,0:00:02,0:14:14,0:00:02,0:44:14,0:58:32,2020-04-05
1010,0:00:00,0:00:00,0:05:11,1:10:23,0:00:00,1:15:34,2020-04-05
1011,0:00:00,0:00:00,0:00:00,0:00:00,0:00:00,0:00:00,2020-04-05
1012,0:00:00,0:00:00,0:00:00,0:00:00,0:00:00,0:00:00,2020-04-05
1013,0:00:00,0:21:16,0:00:00,0:06:19,0:00:00,0:27:35,2020-04-05
1014,0:00:00,0:00:00,0:00:00,0:00:00,0:00:00,0:00:00,2020-04-05
1015,0:00:00,0:00:00,0:00:00,0:00:00,0:00:00,0:00:00,2020-04-05
1016,0:00:00,0:00:00,0:00:00,0:00:00,0:00:00,0:00:00,2020-04-05
1017,0:00:00,0:00:00,0:00:00,0:00:00,0:00:00,0:00:00,2020-04-05
1018,0:00:00,0:00:00,0:00:00,0:24:22,0:00:00,0:24:22,2020-04-05
1019,0:00:00,0:08:12,0:00:00,0:02:11,0:00:00,0:10:23,2020-04-05
1020,0:00:00,0:18:23,0:00:00,0:01:05,0:00:00,0:19:28,2020-04-05
1021,0:00:00,0:21:46,0:26:43,0:00:00,0:02:32,0:51:01,2020-04-05
1022,0:00:00,0:00:00,0:00:00,0:00:00,0:00:00,0:00:00,2020-04-05
1023,0:00:00,0:00:00,0:36:54,0:16:59,0:00:00,0:53:53,2020-04-05
1024,0:00:00,0:17:31,0:00:00,0:02:05,0:08:13,0:27:49,2020-04-05
1025,0:00:00,0:00:00,0:00:00,0:00:00,0:00:00,0:00:00,2020-04-05
1026,0:00:00,0:00:00,0:00:00,0:00:00,0:00:00,0:00:00,2020-04-05
1027,0:00:00,0:00:00,0:00:00,0:00:00,0:00:00,0:00:00,2020-04-05
1028,0:00:00,0:00:00,0:00:00,0:00:00,0:00:00,0:00:00,2020-04-05
1029,0:00:00,0:00:00,0:00:00,0:00:00,0:00:00,0:00:00,2020-04-05
1030,0:00:00,0:00:00,0:00:00,0:00:00,0:00:00,0:00:00,2020-04-05
1031,0:00:00,0:00:00,0:00:00,0:00:00,0:00:00,0:00:00,2020-04-05
1032,0:00:00,0:26:13,0:28:29,0:50:34,0:00:00,1:45:16,2020-04-05
1033,0:00:00,0:00:00,0:00:00,0:00:00,0:00:00,0:00:00,2020-04-05
1034,0:00:00,0:00:00,0:00:00,0:00:00,0:00:00,0:00:00,2020-04-05
1035,0:00:00,0:00:00,0:00:00,0:00:00,0:00:00,0:00:00,2020-04-05
1050,0:00:00,0:00:00,0:00:00,0:00:00,0:00:00,0:00:00,2020-04-05
9999,0:00:00,0:00:00,0:00:00,0:00:00,0:00:00,0:00:00,2020-04-05
4001,0:00:00,0:00:00,0:00:00,0:00:00,0:00:00,0:00:00,2020-04-05
4002,0:00:00,0:00:00,0:00:00,0:00:00,0:00:00,0:00:00,2020-04-05
4003,0:00:00,0:00:00,0:00:00,0:00:00,0:00:00,0:00:00,2020-04-05
4004,0:00:00,0:00:00,0:00:00,0:00:00,0:00:00,0:00:00,2020-04-05
2001,0:00:00,0:00:00,0:00:00,0:00:00,0:00:00,0:00:00,2020-04-05
2002,0:00:00,0:00:00,0:00:00,0:00:00,0:00:00,0:00:00,2020-04-05
2003,0:00:00,0:00:00,0:00:00,0:00:00,0:00:00,0:00:00,2020-04-05
2004,0:00:00,0:00:00,0:00:00,0:00:00,0:00:00,0:00:00,2020-04-05
2005,0:00:00,0:00:00,0:00:00,0:00:00,0:00:00,0:00:00,2020-04-05
2006,0:00:00,0:00:00,0:00:00,0:00:00,0:00:00,0:00:00,2020-04-05
2007,0:00:00,0:00:00,0:00:00,0:00:00,0:00:00,0:00:00,2020-04-05
2008,0:00:00,0:00:00,0:00:00,0:00:00,0:00:00,0:00:00,2020-04-05
2009,0:00:00,0:00:00,0:00:00,0:00:00,0:00:00,0:00:00,2020-04-05
8888,0:00:00,0:00:00,0:00:00,0:00:00,0:00:00,0:00:00,2020-04-05
1001,0:00:00,0:00:00,0:00:00,0:00:00,0:00:00,0:00:00,2020-04-08
1002,0:00:00,0:25:32,1:38:45,0:33:11,0:00:00,2:37:28,2020-04-08
1003,0:00:00,0:00:00,0:00:00,0:00:00,0:00:00,0:00:00,2020-04-08
1004,0:00:00,0:00:00,0:00:00,0:00:00,0:00:00,0:00:00,2020-04-08
1005,0:00:00,0:07:37,0:23:36,0:00:00,0:23:23,0:54:36,2020-04-08
1006,0:00:00,0:00:00,0:00:00,5:07:09,0:00:00,5:07:09,2020-04-08
1007,0:00:00,1:12:47,0:13:19,3:18:43,0:00:00,4:44:49,2020-04-08
1008,0:00:00,0:00:00,0:30:11,2:16:43,0:00:00,2:46:54,2020-04-08
1009,0:00:00,0:16:26,0:17:23,0:15:36,1:54:11,2:43:36,2020-04-08
1010,0:00:00,0:00:00,0:00:00,2:10:03,0:00:00,2:10:03,2020-04-08
1011,0:00:00,0:00:00,0:00:00,0:00:00,0:00:00,0:00:00,2020-04-08
1012,0:00:00,0:00:00,0:00:00,0:00:00,0:00:00,0:00:00,2020-04-08
1013,0:00:00,0:29:32,0:34:26,1:57:34,0:00:00,3:01:32,2020-04-08
1014,0:00:00,0:00:00,0:00:00,0:00:00,0:00:00,0:00:00,2020-04-08
1015,0:00:00,0:00:00,0:00:00,0:00:00,0:00:00,0:00:00,2020-04-08
1016,0:00:00,0:00:00,0:00:00,0:00:00,0:00:00,0:00:00,2020-04-08
1017,0:00:00,0:00:00,0:00:00,0:00:00,0:00:00,0:00:00,2020-04-08
1018,0:00:00,0:00:00,0:00:00,0:00:00,0:00:00,0:00:00,2020-04-08
1019,0:00:00,0:00:00,0:00:00,0:00:00,0:00:00,0:00:00,2020-04-08
1020,0:00:00,0:33:14,0:40:05,0:09:30,0:51:06,2:13:55,2020-04-08
1021,0:00:00,0:23:08,0:25:42,0:14:00,0:05:34,1:08:24,2020-04-08
1022,0:00:00,0:00:00,0:38:39,0:43:28,0:08:49,1:30:56,2020-04-08
1023,0:00:00,0:00:00,0:00:00,0:00:00,0:00:00,0:00:00,2020-04-08
1024,0:00:00,0:07:37,0:34:05,0:29:52,0:15:24,1:26:58,2020-04-08
1025,0:00:00,0:00:00,0:00:00,0:00:00,0:00:00,0:00:00,2020-04-08
1026,0:00:00,0:00:00,0:00:00,0:00:00,0:00:00,0:00:00,2020-04-08
1027,0:00:00,0:00:00,0:00:00,0:00:00,0:00:00,0:00:00,2020-04-08
1028,0:00:00,0:00:00,0:45:41,8:25:33,0:00:00,9:11:14,2020-04-08
1029,0:00:00,0:00:00,0:00:00,0:00:00,0:00:00,0:00:00,2020-04-08
1030,0:00:00,0:44:52,0:36:15,0:58:00,0:28:46,2:47:53,2020-04-08
1031,0:00:00,0:00:00,0:00:00,1:41:25,0:00:00,1:41:25,2020-04-08
1032,0:00:00,0:06:16,0:42:58,2:57:37,0:00:00,3:46:51,2020-04-08
1033,0:00:00,0:00:00,0:00:00,0:00:00,0:00:00,0:00:00,2020-04-08
1034,0:00:00,0:01:44,0:00:00,0:00:00,0:02:45,0:04:29,2020-04-08
1035,0:00:00,0:00:00,0:00:00,0:00:00,0:00:00,0:00:00,2020-04-08
1050,0:00:00,0:00:00,0:00:00,0:00:00,0:00:00,0:00:00,2020-04-08
9999,0:00:00,0:00:00,0:00:00,0:00:00,0:00:00,0:00:00,2020-04-08
4001,0:00:00,0:00:00,0:00:00,0:00:00,0:00:00,0:00:00,2020-04-08
4002,0:00:00,0:00:00,0:00:00,0:00:00,0:00:00,0:00:00,2020-04-08
4003,0:00:00,0:00:00,0:00:00,0:00:00,0:00:00,0:00:00,2020-04-08
4004,0:00:00,0:00:00,0:00:00,0:00:00,0:00:00,0:00:00,2020-04-08
2001,0:00:00,0:00:00,0:00:00,0:00:00,0:00:00,0:00:00,2020-04-08
2002,0:00:00,0:00:00,0:00:00,0:00:00,0:00:00,0:00:00,2020-04-08
2003,0:00:00,0:00:00,0:00:00,0:00:00,0:00:00,0:00:00,2020-04-08
2004,0:00:00,0:00:00,0:00:00,0:00:00,0:00:00,0:00:00,2020-04-08
2005,0:00:00,0:00:00,0:00:00,0:00:00,0:00:00,0:00:00,2020-04-08
2006,0:00:00,0:00:00,0:00:00,0:00:00,0:00:00,0:00:00,2020-04-08
2007,0:00:00,0:00:00,0:00:00,0:00:00,0:00:00,0:00:00,2020-04-08
2008,0:00:00,0:00:00,0:00:00,0:00:00,0:00:00,0:00:00,2020-04-08
2009,0:00:00,0:00:00,0:00:00,0:00:00,0:00:00,0:00:00,2020-04-08
8888,0:00:00,0:00:00,0:00:00,0:00:00,0:00:00,0:00:00,2020-04-08
1001,0:00:00,0:11:55,0:24:31,1:15:31,0:28:36,2:20:33,2020-04-13
1002,0:00:00,0:29:17,0:00:00,6:39:45,0:00:00,7:09:02,2020-04-13
1003,0:00:00,0:00:00,0:00:00,0:00:00,0:18:34,0:18:34,2020-04-13
1004,0:00:00,0:00:00,0:00:00,0:00:00,0:00:00,0:00:00,2020-04-13
1005,0:00:00,0:00:00,0:13:54,0:00:00,0:00:00,0:13:54,2020-04-13
1006,0:00:00,0:00:00,0:00:00,0:00:00,0:00:00,0:00:00,2020-04-13
1007,0:00:00,1:09:41,1:21:36,1:24:01,0:00:00,3:55:18,2020-04-13
1008,0:00:00,0:00:00,0:00:00,0:00:00,0:00:00,0:00:00,2020-04-13
1009,0:00:00,0:00:00,0:36:04,0:00:00,0:00:00,0:36:04,2020-04-13
1010,0:00:00,0:00:00,0:00:00,0:00:00,0:00:00,0:00:00,2020-04-13
1011,0:00:00,0:00:00,0:00:00,2:08:19,0:00:00,2:08:19,2020-04-13
1012,0:00:00,0:00:00,0:00:00,0:00:00,0:00:00,0:00:00,2020-04-13
1013,0:00:00,0:29:05,0:23:25,1:00:57,0:14:31,2:07:58,2020-04-13
1014,0:00:00,0:00:00,0:00:00,0:00:00,0:00:00,0:00:00,2020-04-13
1015,0:00:00,0:00:00,0:00:00,0:00:00,0:00:00,0:00:00,2020-04-13
1016,0:00:00,0:00:00,0:00:00,0:00:00,0:00:00,0:00:00,2020-04-13
1017,0:00:00,0:00:00,0:00:00,0:00:00,0:00:00,0:00:00,2020-04-13
1018,0:00:00,0:13:07,0:35:12,0:22:45,0:00:00,1:11:04,2020-04-13
1019,0:00:00,0:12:17,0:19:29,1:15:50,0:00:00,1:47:36,2020-04-13
1020,0:00:00,0:47:38,0:00:09,0:31:50,0:00:00,1:19:37,2020-04-13
1021,0:00:00,0:15:49,0:30:30,0:23:37,0:14:10,1:24:06,2020-04-13
1022,0:00:00,0:00:00,0:30:57,0:54:47,0:00:00,1:25:44,2020-04-13
1023,0:00:00,0:00:00,1:14:48,1:27:30,0:00:00,2:42:18,2020-04-13
1024,0:00:00,0:00:00,0:00:00,0:06:10,0:12:03,0:18:13,2020-04-13
1025,0:00:00,0:00:00,0:00:00,0:00:00,0:00:00,0:00:00,2020-04-13
1026,0:00:00,0:06:42,0:37:54,1:42:24,0:00:00,2:27:00,2020-04-13
1027,0:00:00,0:36:52,0:00:00,0:30:45,0:00:00,1:07:37,2020-04-13
1028,0:00:00,0:00:00,0:00:00,0:00:00,0:00:00,0:00:00,2020-04-13
1029,0:00:00,0:00:00,0:00:00,0:00:00,0:00:00,0:00:00,2020-04-13
1030,0:00:00,0:40:10,0:39:50,0:37:09,0:23:33,2:20:42,2020-04-13
1031,0:00:00,0:00:00,0:00:00,0:00:00,0:00:00,0:00:00,2020-04-13
1032,0:00:00,0:34:55,0:28:51,1:27:55,0:00:00,2:31:41,2020-04-13
1033,0:00:00,0:00:00,0:00:00,0:00:00,0:00:00,0:00:00,2020-04-13
1034,0:00:00,0:00:00,0:00:00,0:00:00,0:00:00,0:00:00,2020-04-13
1035,0:00:00,0:00:00,0:00:00,0:00:00,0:00:00,0:00:00,2020-04-13
1050,0:00:00,0:00:00,0:00:00,0:00:00,0:00:00,0:00:00,2020-04-13
9999,0:00:00,0:00:00,0:00:00,0:00:00,0:00:00,0:00:00,2020-04-13
4001,0:00:00,0:00:00,0:00:00,0:00:00,0:00:00,0:00:00,2020-04-13
4002,0:00:00,0:00:00,0:00:00,0:00:00,0:00:00,0:00:00,2020-04-13
4003,0:00:00,0:00:00,0:00:00,0:00:00,0:00:00,0:00:00,2020-04-13
4004,0:00:00,0:00:00,0:00:00,0:00:00,0:00:00,0:00:00,2020-04-13
2001,0:00:00,0:00:00,0:00:00,0:00:00,0:00:00,0:00:00,2020-04-13
2002,0:00:00,0:00:00,0:00:00,0:00:00,0:00:00,0:00:00,2020-04-13
2003,0:00:00,0:00:00,0:00:00,0:00:00,0:00:00,0:00:00,2020-04-13
2004,0:00:00,0:00:00,0:00:00,0:00:00,0:00:00,0:00:00,2020-04-13
2005,0:00:00,0:00:00,0:00:00,0:00:00,0:00:00,0:00:00,2020-04-13
2006,0:00:00,0:00:00,0:00:00,0:00:00,0:00:00,0:00:00,2020-04-13
2007,0:00:00,0:00:00,0:00:00,0:00:00,0:00:00,0:00:00,2020-04-13
2008,0:00:00,0:00:00,0:00:00,0:00:00,0:00:00,0:00:00,2020-04-13
2009,0:00:00,0:00:00,0:00:00,0:00:00,0:00:00,0:00:00,2020-04-13
8888,0:00:00,0:00:00,0:00:00,0:00:00,0:00:00,0:00:00,2020-04-13
1001,0:00:00,0:00:00,0:00:00,0:00:00,0:00:00,0:00:00,2020-04-18
1002,0:00:00,0:00:00,0:00:00,0:00:00,0:00:00,0:00:00,2020-04-18
1003,0:00:00,0:00:00,0:00:00,0:00:00,0:00:00,0:00:00,2020-04-18
1004,0:00:00,0:00:00,0:00:00,0:00:00,0:00:00,0:00:00,2020-04-18
1005,0:00:00,0:00:00,0:00:00,0:00:00,0:00:00,0:00:00,2020-04-18
1006,0:00:00,0:00:00,0:00:00,0:00:00,0:00:00,0:00:00,2020-04-18
1007,0:00:00,0:00:00,0:00:00,0:00:00,0:00:00,0:00:00,2020-04-18
1008,0:00:00,0:00:00,0:00:00,0:00:00,0:00:00,0:00:00,2020-04-18
1009,0:00:00,0:00:00,0:00:00,0:00:00,0:00:00,0:00:00,2020-04-18
1010,0:00:00,0:00:00,0:00:00,0:00:00,0:00:00,0:00:00,2020-04-18
1011,0:00:00,0:00:00,0:00:00,0:00:00,0:00:00,0:00:00,2020-04-18
1012,0:00:00,0:00:00,0:00:00,0:00:00,0:00:00,0:00:00,2020-04-18
1013,0:00:00,0:00:00,0:00:00,0:00:00,0:00:00,0:00:00,2020-04-18
1014,0:00:00,0:00:00,0:00:00,0:00:00,0:00:00,0:00:00,2020-04-18
1015,0:00:00,0:00:00,0:00:00,0:00:00,0:00:00,0:00:00,2020-04-18
1016,0:00:00,0:00:00,0:00:00,0:00:00,0:00:00,0:00:00,2020-04-18
1017,0:00:00,0:00:00,0:00:00,0:00:00,0:00:00,0:00:00,2020-04-18
1018,0:00:00,0:00:00,0:00:00,0:00:00,0:00:00,0:00:00,2020-04-18
1019,0:00:00,0:00:00,0:03:00,0:47:41,0:00:00,0:50:41,2020-04-18
1020,0:00:00,0:00:00,0:00:00,0:00:00,0:00:00,0:00:00,2020-04-18
1021,0:00:00,0:12:55,0:33:07,0:54:54,0:11:24,1:52:20,2020-04-18
1022,0:00:00,0:00:00,0:31:27,1:13:42,0:00:00,1:45:09,2020-04-18
1023,0:00:00,0:00:00,0:38:27,0:05:57,0:00:00,0:44:24,2020-04-18
1024,0:00:00,0:00:00,0:00:00,0:00:00,0:00:00,0:00:00,2020-04-18
1025,0:00:00,0:00:00,0:00:00,0:00:00,0:00:00,0:00:00,2020-04-18
1026,0:00:00,0:16:00,0:41:25,0:21:36,0:00:00,1:19:01,2020-04-18
1027,0:00:00,0:00:00,0:00:00,0:00:00,0:00:00,0:00:00,2020-04-18
1028,0:00:00,0:16:50,0:30:44,2:22:19,0:00:00,3:09:53,2020-04-18
1029,0:00:00,0:00:00,0:00:00,0:00:00,0:00:00,0:00:00,2020-04-18
1030,0:00:00,0:36:47,0:26:37,0:02:34,0:41:06,1:47:04,2020-04-18
1031,0:00:00,0:00:00,0:00:00,0:00:00,0:00:00,0:00:00,2020-04-18
1032,0:00:00,0:18:12,0:32:26,3:23:40,0:00:00,4:14:18,2020-04-18
1033,0:00:00,0:00:00,0:00:00,0:00:00,0:00:00,0:00:00,2020-04-18
1034,0:00:00,0:45:31,0:00:00,0:00:00,0:00:00,0:45:31,2020-04-18
1035,0:00:00,0:00:00,0:00:00,0:00:00,0:00:00,0:00:00,2020-04-18
1050,0:00:00,0:00:00,0:00:00,0:00:00,0:00:00,0:00:00,2020-04-18
9999,0:00:00,0:00:00,0:00:00,0:00:00,0:00:00,0:00:00,2020-04-18
4001,0:00:00,0:00:00,0:00:00,0:00:00,0:00:00,0:00:00,2020-04-18
4002,0:00:00,0:00:00,0:00:00,0:00:00,0:00:00,0:00:00,2020-04-18
4003,0:00:00,0:00:00,0:00:00,0:00:00,0:00:00,0:00:00,2020-04-18
4004,0:00:00,0:00:00,0:00:00,0:00:00,0:00:00,0:00:00,2020-04-18
2001,0:00:00,0:00:00,0:00:00,0:00:00,0:00:00,0:00:00,2020-04-18
2002,0:00:00,0:00:00,0:00:00,0:00:00,0:00:00,0:00:00,2020-04-18
2003,0:00:00,0:00:00,0:00:00,0:00:00,0:00:00,0:00:00,2020-04-18
2004,0:00:00,0:00:00,0:00:00,0:00:00,0:00:00,0:00:00,2020-04-18
2005,0:00:00,0:00:00,0:00:00,0:00:00,0:00:00,0:00:00,2020-04-18
2006,0:00:00,0:00:00,0:00:00,0:00:00,0:00:00,0:00:00,2020-04-18
2007,0:00:00,0:00:00,0:00:00,0:00:00,0:00:00,0:00:00,2020-04-18
2008,0:00:00,0:00:00,0:00:00,0:00:00,0:00:00,0:00:00,2020-04-18
2009,0:00:00,0:00:00,0:00:00,0:00:00,0:00:00,0:00:00,2020-04-18
8888,0:00:00,0:00:00,0:00:00,0:00:00,0:00:00,0:00:00,2020-04-18
1001,0:00:00,0:00:00,0:00:00,0:00:00,0:00:00,0:00:00,2020-04-16
1002,0:00:00,0:01:07,0:00:00,6:18:00,0:00:00,6:19:07,2020-04-16
1003,0:00:00,0:00:00,0:00:00,0:00:00,0:00:00,0:00:00,2020-04-16
1004,0:00:00,0:00:00,0:00:00,0:00:00,0:00:00,0:00:00,2020-04-16
1005,0:00:00,0:00:00,0:00:00,0:00:00,0:00:00,0:00:00,2020-04-16
1006,0:00:00,0:00:00,0:00:00,0:24:10,0:00:00,0:24:10,2020-04-16
1007,0:00:00,0:00:00,0:00:00,0:00:00,0:00:00,0:00:00,2020-04-16
1008,0:00:00,0:00:00,0:16:00,0:47:17,0:00:00,1:03:17,2020-04-16
1009,0:00:00,0:00:00,0:00:00,0:00:00,0:00:00,0:00:00,2020-04-16
1010,0:00:00,0:00:00,0:00:00,0:00:00,0:00:00,0:00:00,2020-04-16
1011,0:00:00,0:00:00,0:00:00,0:00:00,0:00:00,0:00:00,2020-04-16
1012,0:00:00,0:00:00,0:00:00,0:00:00,0:00:00,0:00:00,2020-04-16
1013,0:00:00,0:00:00,0:00:00,0:00:00,0:00:00,0:00:00,2020-04-16
1014,0:00:00,0:00:00,0:00:00,0:00:00,0:00:00,0:00:00,2020-04-16
1015,0:00:00,0:00:00,0:00:00,0:00:00,0:00:00,0:00:00,2020-04-16
1016,0:00:00,0:00:00,0:00:00,0:00:00,0:00:00,0:00:00,2020-04-16
1017,0:00:00,0:00:00,0:00:00,0:00:00,0:00:00,0:00:00,2020-04-16
1018,0:00:00,0:00:00,0:00:00,0:00:00,0:00:00,0:00:00,2020-04-16
1019,0:00:00,0:00:00,0:00:00,0:21:15,0:00:00,0:21:15,2020-04-16
1020,0:00:00,0:00:00,0:00:00,0:00:00,0:00:00,0:00:00,2020-04-16
1021,0:00:00,0:00:00,0:27:52,0:00:00,0:00:00,0:27:52,2020-04-16
1022,0:00:00,0:00:00,0:00:00,0:41:48,0:00:00,0:41:48,2020-04-16
1023,0:00:00,0:00:00,0:41:39,0:57:15,0:00:00,1:38:54,2020-04-16
1024,0:00:00,0:00:00,0:08:52,1:07:25,0:04:35,1:20:52,2020-04-16
1025,0:00:00,0:00:00,0:00:00,0:00:00,0:00:00,0:00:00,2020-04-16
1026,0:00:00,0:19:37,0:48:44,1:52:01,0:00:00,3:00:22,2020-04-16
1027,0:00:00,0:00:00,0:00:00,0:00:00,0:00:00,0:00:00,2020-04-16
1028,0:00:00,0:23:24,0:00:00,1:53:46,0:00:00,2:17:10,2020-04-16
1029,0:00:00,0:00:00,0:00:00,0:00:00,0:00:00,0:00:00,2020-04-16
1030,0:00:00,0:13:22,0:38:10,0:09:42,0:07:58,1:09:12,2020-04-16
1031,0:00:00,0:00:00,0:00:00,0:00:00,0:00:00,0:00:00,2020-04-16
1032,0:00:00,0:08:02,0:09:55,0:24:58,0:00:00,0:42:55,2020-04-16
1033,0:00:00,0:00:00,0:00:00,0:00:00,0:00:00,0:00:00,2020-04-16
1034,0:00:00,0:00:00,0:00:00,0:00:00,0:00:00,0:00:00,2020-04-16
1035,0:00:00,0:00:00,0:00:00,0:00:00,0:00:00,0:00:00,2020-04-16
1050,0:00:00,0:00:00,0:00:00,0:00:00,0:00:00,0:00:00,2020-04-16
9999,0:00:00,0:00:00,0:00:00,0:00:00,0:00:00,0:00:00,2020-04-16
4001,0:00:00,0:00:00,0:00:00,0:00:00,0:00:00,0:00:00,2020-04-16
4002,0:00:00,0:00:00,0:00:00,0:00:00,0:00:00,0:00:00,2020-04-16
4003,0:00:00,0:00:00,0:00:00,0:00:00,0:00:00,0:00:00,2020-04-16
4004,0:00:00,0:00:00,0:00:00,0:00:00,0:00:00,0:00:00,2020-04-16
2001,0:00:00,0:00:00,0:00:00,0:00:00,0:00:00,0:00:00,2020-04-16
2002,0:00:00,0:00:00,0:00:00,0:00:00,0:00:00,0:00:00,2020-04-16
2003,0:00:00,0:00:00,0:00:00,0:00:00,0:00:00,0:00:00,2020-04-16
2004,0:00:00,0:00:00,0:00:00,0:00:00,0:00:00,0:00:00,2020-04-16
2005,0:00:00,0:00:00,0:00:00,0:00:00,0:00:00,0:00:00,2020-04-16
2006,0:00:00,0:00:00,0:00:00,0:00:00,0:00:00,0:00:00,2020-04-16
2007,0:00:00,0:00:00,0:00:00,0:00:00,0:00:00,0:00:00,2020-04-16
2008,0:00:00,0:00:00,0:00:00,0:00:00,0:00:00,0:00:00,2020-04-16
2009,0:00:00,0:00:00,0:00:00,0:00:00,0:00:00,0:00:00,2020-04-16
8888,0:00:00,0:00:00,0:00:00,0:00:00,0:00:00,0:00:00,2020-04-16
1001,0:00:00,0:14:43,0:28:02,1:44:01,0:09:13,2:35:59,2020-04-10
1002,0:00:00,1:49:03,0:00:00,3:06:16,0:00:00,4:55:19,2020-04-10
1003,0:00:00,0:00:00,0:00:00,0:00:00,0:58:01,0:58:01,2020-04-10
1004,0:00:00,0:00:00,0:00:00,0:00:00,0:00:00,0:00:00,2020-04-10
1005,0:00:00,0:00:00,0:10:31,0:00:00,0:00:00,0:10:31,2020-04-10
1006,0:00:00,0:00:00,0:00:00,0:00:00,0:00:00,0:00:00,2020-04-10
1007,0:00:00,1:29:46,0:00:00,3:46:12,0:00:00,5:15:58,2020-04-10
1008,0:00:00,0:00:00,0:13:27,2:01:20,0:00:00,2:14:47,2020-04-10
1009,0:00:00,0:12:48,0:29:27,0:00:51,0:27:00,1:10:06,2020-04-10
1010,0:00:00,0:00:00,0:00:00,1:14:45,0:00:00,1:14:45,2020-04-10
1011,0:00:00,0:00:00,0:00:00,0:00:00,0:00:00,0:00:00,2020-04-10
1012,0:00:00,0:00:00,0:00:00,0:00:00,0:00:00,0:00:00,2020-04-10
1013,0:00:00,0:27:08,0:30:23,1:26:13,0:00:00,2:23:44,2020-04-10
1014,0:00:00,0:00:00,0:00:00,0:00:00,0:00:00,0:00:00,2020-04-10
1015,0:00:00,0:00:00,0:00:00,0:00:00,0:00:00,0:00:00,2020-04-10
1016,0:00:00,0:00:00,0:00:00,0:00:00,0:00:00,0:00:00,2020-04-10
1017,0:00:00,0:00:00,0:00:00,0:00:00,0:00:00,0:00:00,2020-04-10
1018,0:00:00,0:33:00,0:18:47,2:09:30,0:00:00,3:01:17,2020-04-10
1019,0:00:00,0:11:45,0:23:32,0:21:30,0:00:00,0:56:47,2020-04-10
1020,0:00:00,1:01:48,0:00:00,0:24:57,0:07:41,1:34:26,2020-04-10
1021,0:00:00,0:00:00,0:00:00,0:00:00,0:00:00,0:00:00,2020-04-10
1022,0:00:00,0:09:08,0:33:45,0:52:03,0:03:55,1:38:51,2020-04-10
1023,0:00:00,0:00:00,1:02:41,2:45:57,0:03:58,3:52:36,2020-04-10
1024,0:00:00,0:00:00,0:00:00,0:00:00,0:00:00,0:00:00,2020-04-10
1025,0:00:00,0:00:00,0:00:00,0:00:00,0:00:00,0:00:00,2020-04-10
1026,0:00:00,0:17:28,0:48:13,2:34:16,0:00:00,3:39:57,2020-04-10
1027,0:00:00,1:09:15,0:11:43,0:16:36,0:00:00,1:37:34,2020-04-10
1028,0:00:00,0:29:14,0:34:02,5:10:58,0:00:00,6:14:14,2020-04-10
1029,0:00:00,0:00:00,0:00:00,0:00:00,0:00:00,0:00:00,2020-04-10
1030,0:00:00,0:00:00,0:00:00,0:00:00,0:00:00,0:00:00,2020-04-10
1031,0:00:00,0:00:00,0:00:00,0:00:00,0:00:00,0:00:00,2020-04-10
1032,0:00:00,0:00:00,0:00:00,0:00:00,0:00:00,0:00:00,2020-04-10
1033,0:00:00,0:00:00,0:00:00,0:00:00,0:00:00,0:00:00,2020-04-10
1034,0:00:00,0:00:00,0:00:00,0:00:00,0:00:00,0:00:00,2020-04-10
1035,0:00:00,0:00:00,0:00:00,0:00:00,0:00:00,0:00:00,2020-04-10
1050,0:00:00,0:00:00,0:00:00,0:00:00,0:00:00,0:00:00,2020-04-10
9999,0:00:00,0:00:00,0:00:00,0:00:00,0:00:00,0:00:00,2020-04-10
4001,0:00:00,0:00:00,0:00:00,0:00:00,0:00:00,0:00:00,2020-04-10
4002,0:00:00,0:00:00,0:00:00,0:00:00,0:00:00,0:00:00,2020-04-10
4003,0:00:00,0:00:00,0:00:00,0:00:00,0:00:00,0:00:00,2020-04-10
4004,0:00:00,0:00:00,0:00:00,0:00:00,0:00:00,0:00:00,2020-04-10
2001,0:00:00,0:00:00,0:00:00,0:00:00,0:00:00,0:00:00,2020-04-10
2002,0:00:00,0:00:00,0:00:00,0:00:00,0:00:00,0:00:00,2020-04-10
2003,0:00:00,0:00:00,0:00:00,0:00:00,0:00:00,0:00:00,2020-04-10
2004,0:00:00,0:00:00,0:00:00,0:00:00,0:00:00,0:00:00,2020-04-10
2005,0:00:00,0:00:00,0:00:00,0:00:00,0:00:00,0:00:00,2020-04-10
2006,0:00:00,0:00:00,0:00:00,0:00:00,0:00:00,0:00:00,2020-04-10
2007,0:00:00,0:00:00,0:00:00,0:00:00,0:00:00,0:00:00,2020-04-10
2008,0:00:00,0:00:00,0:00:00,0:00:00,0:00:00,0:00:00,2020-04-10
2009,0:00:00,0:00:00,0:00:00,0:00:00,0:00:00,0:00:00,2020-04-10
8888,0:00:00,0:00:00,0:00:00,0:00:00,0:00:00,0:00:00,2020-04-10
1001,0:00:00,0:00:00,0:00:00,0:00:00,0:00:00,0:00:00,2020-04-02
1002,0:00:00,1:46:36,0:00:00,4:16:17,0:00:00,6:02:53,2020-04-02
1003,0:00:00,0:00:00,0:00:00,4:34:00,0:00:00,4:34:00,2020-04-02
1004,0:00:00,0:00:00,0:00:00,0:00:00,0:00:00,0:00:00,2020-04-02
1005,0:00:00,0:24:02,0:00:00,0:35:05,0:00:00,0:59:07,2020-04-02
1006,0:00:00,0:23:12,0:19:12,2:41:06,0:00:00,3:23:30,2020-04-02
1007,0:00:00,0:00:00,0:35:25,6:25:02,0:00:00,7:00:27,2020-04-02
1008,0:00:00,0:00:00,0:00:00,0:57:40,0:00:00,0:57:40,2020-04-02
1009,0:00:00,0:00:00,0:00:00,7:14:39,0:21:02,7:35:41,2020-04-02
1010,0:00:00,0:00:00,0:00:00,4:46:11,0:00:00,4:46:11,2020-04-02
1011,0:00:00,0:00:00,0:00:00,1:25:11,0:00:00,1:25:11,2020-04-02
1012,0:00:00,0:00:00,0:00:00,0:00:00,0:00:00,0:00:00,2020-04-02
1013,0:00:00,0:00:00,0:00:00,4:44:17,0:00:00,4:44:17,2020-04-02
1014,0:00:00,0:00:00,0:00:00,0:00:00,0:00:00,0:00:00,2020-04-02
1015,0:00:00,0:00:00,0:00:00,0:00:00,0:00:00,0:00:00,2020-04-02
1016,0:00:00,0:00:00,0:00:00,0:00:00,0:00:00,0:00:00,2020-04-02
1017,0:00:00,0:00:00,0:00:00,0:00:00,0:00:00,0:00:00,2020-04-02
1018,0:00:00,0:00:00,0:00:00,6:16:33,0:00:00,6:16:33,2020-04-02
1019,0:00:00,0:03:08,0:00:00,1:19:11,0:00:00,1:22:19,2020-04-02
1020,0:00:00,0:15:47,1:01:32,0:00:00,0:12:30,1:29:49,2020-04-02
1021,0:00:00,0:21:08,0:29:18,0:00:00,0:08:34,0:59:00,2020-04-02
1022,0:00:00,0:00:06,0:30:44,1:11:37,0:05:24,1:47:51,2020-04-02
1023,0:00:00,0:00:00,0:52:07,1:36:11,0:00:00,2:28:18,2020-04-02
1024,0:00:00,0:37:14,0:34:09,2:41:37,0:19:18,4:12:18,2020-04-02
1025,0:00:00,0:00:00,0:00:00,0:00:00,0:00:00,0:00:00,2020-04-02
1026,0:00:00,0:00:00,0:00:00,0:00:00,0:00:00,0:00:00,2020-04-02
1027,0:00:00,0:00:00,0:00:00,0:00:00,0:00:00,0:00:00,2020-04-02
1028,0:00:00,0:30:37,0:42:14,0:00:00,0:00:00,1:12:51,2020-04-02
1029,0:00:00,0:00:00,0:00:00,0:00:00,0:00:00,0:00:00,2020-04-02
1030,0:00:00,0:50:39,0:33:15,0:12:02,0:30:56,2:06:52,2020-04-02
1031,0:00:00,0:00:00,0:00:00,0:00:00,0:00:00,0:00:00,2020-04-02
1032,0:00:00,0:00:00,0:00:00,0:00:00,0:00:00,0:00:00,2020-04-02
1033,0:00:00,0:00:00,0:00:00,0:00:00,0:00:00,0:00:00,2020-04-02
1034,0:00:00,0:00:00,0:00:00,0:00:00,0:00:00,0:00:00,2020-04-02
1035,0:00:00,0:00:00,0:00:00,0:00:00,0:00:00,0:00:00,2020-04-02
1050,0:00:00,0:00:00,0:00:00,0:00:00,0:00:00,0:00:00,2020-04-02
9999,0:00:00,0:00:00,0:00:00,0:00:00,0:00:00,0:00:00,2020-04-02
4001,0:00:00,0:00:00,0:00:00,0:00:00,0:00:00,0:00:00,2020-04-02
4002,0:00:00,0:00:00,0:00:00,0:00:00,0:00:00,0:00:00,2020-04-02
4003,0:00:00,0:00:00,0:00:00,0:00:00,0:00:00,0:00:00,2020-04-02
4004,0:00:00,0:00:00,0:00:00,0:00:00,0:00:00,0:00:00,2020-04-02
2001,0:00:00,0:00:00,0:00:00,0:00:00,0:00:00,0:00:00,2020-04-02
2002,0:00:00,0:00:00,0:00:00,0:00:00,0:00:00,0:00:00,2020-04-02
2003,0:00:00,0:00:00,0:00:00,0:00:00,0:00:00,0:00:00,2020-04-02
2004,0:00:00,0:00:00,0:00:00,0:00:00,0:00:00,0:00:00,2020-04-02
2005,0:00:00,0:00:00,0:00:00,0:00:00,0:00:00,0:00:00,2020-04-02
2006,0:00:00,0:00:00,0:00:00,0:00:00,0:00:00,0:00:00,2020-04-02
2007,0:00:00,0:00:00,0:00:00,0:00:00,0:00:00,0:00:00,2020-04-02
2008,0:00:00,0:00:00,0:00:00,0:00:00,0:00:00,0:00:00,2020-04-02
2009,0:00:00,0:00:00,0:00:00,0:00:00,0:00:00,0:00:00,2020-04-02
8888,0:00:00,0:00:00,0:00:00,0:00:00,0:00:00,0:00:00,2020-04-02
1001,0:00:00,0:00:00,0:00:00,0:00:00,0:00:00,0:00:00,2020-04-20
1002,0:00:00,0:00:00,0:48:07,0:00:00,0:00:00,0:48:07,2020-04-20
1003,0:00:00,0:00:00,0:00:00,0:00:00,0:00:00,0:00:00,2020-04-20
1004,0:00:00,0:00:00,0:00:00,0:00:00,0:00:00,0:00:00,2020-04-20
1005,0:00:00,0:00:00,0:00:00,0:00:00,0:00:00,0:00:00,2020-04-20
1006,0:00:00,0:00:00,0:00:00,0:00:00,0:00:00,0:00:00,2020-04-20
1007,0:00:00,0:00:00,0:00:00,0:00:00,0:00:00,0:00:00,2020-04-20
1008,0:00:00,0:00:00,0:00:00,0:00:00,0:00:00,0:00:00,2020-04-20
1009,0:00:00,0:00:00,0:00:00,0:00:00,0:00:00,0:00:00,2020-04-20
1010,0:00:00,0:00:00,0:00:00,0:00:00,0:00:00,0:00:00,2020-04-20
1011,0:00:00,0:00:00,0:00:00,0:00:00,0:00:00,0:00:00,2020-04-20
1012,0:00:00,0:00:00,0:00:00,0:00:00,0:00:00,0:00:00,2020-04-20
1013,0:00:00,0:00:00,0:00:00,0:00:00,0:00:00,0:00:00,2020-04-20
1014,0:00:00,0:00:00,0:00:00,0:00:00,0:00:00,0:00:00,2020-04-20
1015,0:00:00,0:00:00,0:00:00,0:00:00,0:00:00,0:00:00,2020-04-20
1016,0:00:00,0:00:00,0:00:00,0:00:00,0:00:00,0:00:00,2020-04-20
1017,0:00:00,0:00:00,0:00:00,0:00:00,0:00:00,0:00:00,2020-04-20
1018,0:00:00,0:00:00,0:00:00,0:00:00,0:00:00,0:00:00,2020-04-20
1019,0:00:00,0:00:00,0:00:00,0:00:00,0:00:00,0:00:00,2020-04-20
1020,0:00:00,0:00:00,0:00:00,0:00:00,0:00:00,0:00:00,2020-04-20
1021,0:00:00,0:27:48,0:33:07,0:16:31,0:16:35,1:34:01,2020-04-20
1022,0:00:00,0:00:00,0:00:00,0:00:00,0:00:00,0:00:00,2020-04-20
1023,0:00:00,0:00:00,0:45:04,0:12:50,0:00:00,0:57:54,2020-04-20
1024,0:00:00,0:00:00,0:27:49,0:00:00,0:00:00,0:27:49,2020-04-20
1025,0:00:00,0:00:00,0:00:00,0:00:00,0:00:00,0:00:00,2020-04-20
1026,0:00:00,0:00:00,0:37:01,0:00:00,0:00:00,0:37:01,2020-04-20
1027,0:00:00,0:00:00,0:00:00,0:00:00,0:00:00,0:00:00,2020-04-20
1028,0:00:00,0:00:00,0:00:00,0:00:00,0:00:00,0:00:00,2020-04-20
1029,0:00:00,0:00:00,0:00:00,0:00:00,0:00:00,0:00:00,2020-04-20
1030,0:00:00,0:37:40,0:36:52,0:11:47,0:08:29,1:34:48,2020-04-20
1031,0:00:00,0:00:00,0:00:00,0:00:00,0:00:00,0:00:00,2020-04-20
1032,0:00:00,0:17:10,0:15:36,0:25:42,0:00:00,0:58:28,2020-04-20
1033,0:00:00,0:00:00,0:00:00,0:00:00,0:00:00,0:00:00,2020-04-20
1034,0:00:00,0:00:00,0:00:00,0:00:00,0:00:00,0:00:00,2020-04-20
1035,0:00:00,0:00:00,0:00:00,0:00:00,0:00:00,0:00:00,2020-04-20
1050,0:00:00,0:00:00,0:00:00,0:00:00,0:00:00,0:00:00,2020-04-20
9999,0:00:00,0:00:00,0:00:00,0:00:00,0:00:00,0:00:00,2020-04-20
4001,0:00:00,0:00:00,0:00:00,0:00:00,0:00:00,0:00:00,2020-04-20
4002,0:00:00,0:00:00,0:00:00,0:00:00,0:00:00,0:00:00,2020-04-20
4003,0:00:00,0:00:00,0:00:00,0:00:00,0:00:00,0:00:00,2020-04-20
4004,0:00:00,0:00:00,0:00:00,0:00:00,0:00:00,0:00:00,2020-04-20
2001,0:00:00,0:00:00,0:00:00,0:00:00,0:00:00,0:00:00,2020-04-20
2002,0:00:00,0:00:00,0:00:00,0:00:00,0:00:00,0:00:00,2020-04-20
2003,0:00:00,0:00:00,0:00:00,0:00:00,0:00:00,0:00:00,2020-04-20
2004,0:00:00,0:00:00,0:00:00,0:00:00,0:00:00,0:00:00,2020-04-20
2005,0:00:00,0:00:00,0:00:00,0:00:00,0:00:00,0:00:00,2020-04-20
2006,0:00:00,0:00:00,0:00:00,0:00:00,0:00:00,0:00:00,2020-04-20
2007,0:00:00,0:00:00,0:00:00,0:00:00,0:00:00,0:00:00,2020-04-20
2008,0:00:00,0:00:00,0:00:00,0:00:00,0:00:00,0:00:00,2020-04-20
2009,0:00:00,0:00:00,0:00:00,0:00:00,0:00:00,0:00:00,2020-04-20
8888,0:00:00,0:00:00,0:00:00,0:00:00,0:00:00,0:00:00,2020-04-20
1001,0:00:00,0:26:51,0:37:16,1:34:49,0:12:56,2:51:52,2020-04-14
1002,0:00:00,1:20:20,0:00:00,7:20:59,0:00:00,8:41:19,2020-04-14
1003,0:00:00,0:00:00,0:00:00,0:00:00,0:00:00,0:00:00,2020-04-14
1004,0:00:00,0:00:00,0:00:00,0:00:00,0:00:00,0:00:00,2020-04-14
1005,0:00:00,0:00:00,0:12:43,0:00:00,0:00:00,0:12:43,2020-04-14
1006,0:00:00,0:00:00,0:00:00,0:00:00,0:00:00,0:00:00,2020-04-14
1007,0:00:00,0:00:00,0:00:00,0:00:00,0:00:00,0:00:00,2020-04-14
1008,0:00:00,0:00:00,0:22:44,1:48:53,0:00:00,2:11:37,2020-04-14
1009,0:00:00,0:16:16,0:20:36,0:00:00,0:00:00,0:36:52,2020-04-14
1010,0:00:00,0:00:00,0:00:00,1:32:14,0:00:00,1:32:14,2020-04-14
1011,0:00:00,0:00:00,0:00:00,1:28:12,0:00:00,1:28:12,2020-04-14
1012,0:00:00,0:00:00,0:00:00,0:00:00,0:00:00,0:00:00,2020-04-14
1013,0:00:00,0:00:00,0:00:00,0:00:00,0:00:00,0:00:00,2020-04-14
1014,0:00:00,0:00:00,0:00:00,0:00:00,0:00:00,0:00:00,2020-04-14
1015,0:00:00,0:00:00,0:00:00,0:00:00,0:00:00,0:00:00,2020-04-14
1016,0:00:00,0:00:00,0:00:00,0:00:00,0:00:00,0:00:00,2020-04-14
1017,0:00:00,0:00:00,0:00:00,0:00:00,0:00:00,0:00:00,2020-04-14
1018,0:00:00,0:50:35,0:45:32,0:18:44,0:00:00,1:54:51,2020-04-14
1019,0:00:00,0:00:00,0:37:06,1:07:17,0:00:00,1:44:23,2020-04-14
1020,0:00:00,0:00:00,0:00:00,0:00:00,0:00:00,0:00:00,2020-04-14
1021,0:00:00,0:09:48,0:31:59,0:55:25,0:10:13,1:47:25,2020-04-14
1022,0:00:00,0:10:48,0:31:34,0:22:12,0:00:00,1:04:34,2020-04-14
1023,0:00:00,0:00:00,0:44:16,2:14:50,0:18:38,3:17:44,2020-04-14
1024,0:00:00,0:00:00,0:25:16,1:10:12,0:14:36,1:50:04,2020-04-14
1025,0:00:00,0:00:00,0:00:00,0:00:00,0:00:00,0:00:00,2020-04-14
1026,0:00:00,0:14:24,0:38:49,1:51:13,0:00:00,2:44:26,2020-04-14
1027,0:00:00,0:48:46,1:18:47,0:58:44,0:00:00,3:06:17,2020-04-14
1028,0:00:00,0:21:49,0:39:56,8:01:44,0:00:00,9:03:29,2020-04-14
1029,0:00:00,0:00:00,0:00:00,0:00:00,0:00:00,0:00:00,2020-04-14
1030,0:00:00,0:00:00,0:00:00,0:00:00,0:00:00,0:00:00,2020-04-14
1031,0:00:00,0:00:00,0:00:00,0:00:00,0:00:00,0:00:00,2020-04-14
1032,0:00:00,0:48:57,0:23:58,1:50:14,0:00:00,3:03:09,2020-04-14
1033,0:00:00,0:00:00,0:00:00,0:00:00,0:00:00,0:00:00,2020-04-14
1034,0:00:00,0:12:23,0:00:00,0:00:00,0:00:00,0:12:23,2020-04-14
1035,0:00:00,0:00:00,0:00:00,0:00:00,0:00:00,0:00:00,2020-04-14
1050,0:00:00,0:00:00,0:00:00,0:00:00,0:00:00,0:00:00,2020-04-14
9999,0:00:00,0:00:00,0:00:00,0:00:00,0:00:00,0:00:00,2020-04-14
4001,0:00:00,0:00:00,0:00:00,0:00:00,0:00:00,0:00:00,2020-04-14
4002,0:00:00,0:00:00,0:00:00,0:00:00,0:00:00,0:00:00,2020-04-14
4003,0:00:00,0:00:00,0:00:00,0:00:00,0:00:00,0:00:00,2020-04-14
4004,0:00:00,0:00:00,0:00:00,0:00:00,0:00:00,0:00:00,2020-04-14
2001,0:00:00,0:00:00,0:00:00,0:00:00,0:00:00,0:00:00,2020-04-14
2002,0:00:00,0:00:00,0:00:00,0:00:00,0:00:00,0:00:00,2020-04-14
2003,0:00:00,0:00:00,0:00:00,0:00:00,0:00:00,0:00:00,2020-04-14
2004,0:00:00,0:00:00,0:00:00,0:00:00,0:00:00,0:00:00,2020-04-14
2005,0:00:00,0:00:00,0:00:00,0:00:00,0:00:00,0:00:00,2020-04-14
2006,0:00:00,0:00:00,0:00:00,0:00:00,0:00:00,0:00:00,2020-04-14
2007,0:00:00,0:00:00,0:00:00,0:00:00,0:00:00,0:00:00,2020-04-14
2008,0:00:00,0:00:00,0:00:00,0:00:00,0:00:00,0:00:00,2020-04-14
2009,0:00:00,0:00:00,0:00:00,0:00:00,0:00:00,0:00:00,2020-04-14
8888,0:00:00,0:00:00,0:00:00,0:00:00,0:00:00,0:00:00,2020-04-14
1001,0:00:00,0:00:00,0:00:00,0:00:00,0:00:00,0:00:00,2020-04-04
1002,0:00:00,0:00:00,0:00:00,0:00:00,0:00:00,0:00:00,2020-04-04
1003,0:00:00,0:00:00,0:00:00,0:00:00,0:00:00,0:00:00,2020-04-04
1004,0:00:00,0:00:00,0:00:00,0:00:00,0:00:00,0:00:00,2020-04-04
1005,0:00:00,0:16:33,0:04:13,0:00:00,0:00:00,0:20:46,2020-04-04
1006,0:00:00,0:01:04,0:00:00,0:53:39,0:00:00,0:54:43,2020-04-04
1007,0:00:00,0:58:22,0:00:00,3:54:56,0:00:00,4:53:18,2020-04-04
1008,0:00:00,0:00:00,0:28:52,0:49:14,0:00:00,1:18:06,2020-04-04
1009,0:00:00,0:00:00,0:32:33,0:12:45,1:50:20,2:35:38,2020-04-04
1010,0:00:00,0:00:00,0:00:00,0:00:00,0:00:00,0:00:00,2020-04-04
1011,0:00:00,0:00:00,0:00:00,0:00:00,0:00:00,0:00:00,2020-04-04
1012,0:00:00,0:00:00,0:00:00,0:00:00,0:00:00,0:00:00,2020-04-04
1013,0:00:00,0:00:00,0:00:00,0:33:47,0:00:00,0:33:47,2020-04-04
1014,0:00:00,0:00:00,0:00:00,0:00:00,0:00:00,0:00:00,2020-04-04
1015,0:00:00,0:00:00,0:00:00,0:00:00,0:00:00,0:00:00,2020-04-04
1016,0:00:00,0:00:00,0:00:00,0:00:00,0:00:00,0:00:00,2020-04-04
1017,0:00:00,0:00:00,0:00:00,0:00:00,0:00:00,0:00:00,2020-04-04
1018,0:00:00,0:00:00,0:00:00,6:50:41,0:00:00,6:50:41,2020-04-04
1019,0:00:00,0:15:54,0:27:09,0:00:00,0:00:00,0:43:03,2020-04-04
1020,0:00:00,1:26:40,0:37:43,1:19:42,0:42:28,4:06:33,2020-04-04
1021,0:00:00,0:21:40,0:26:17,0:20:21,0:07:12,1:15:30,2020-04-04
1022,0:00:00,0:14:44,0:28:24,1:18:42,0:05:49,2:07:39,2020-04-04
1023,0:00:00,0:00:00,0:42:35,4:12:13,0:00:00,4:54:48,2020-04-04
1024,0:00:00,0:12:57,0:16:34,1:45:19,0:22:21,2:37:11,2020-04-04
1025,0:00:00,0:00:00,0:00:00,0:00:00,0:00:00,0:00:00,2020-04-04
1026,0:00:00,0:00:00,0:00:00,0:00:00,0:00:00,0:00:00,2020-04-04
1027,0:00:00,0:00:00,0:00:00,0:00:00,0:00:00,0:00:00,2020-04-04
1028,0:00:00,0:00:00,0:07:27,4:38:45,0:19:46,5:05:58,2020-04-04
1029,0:00:00,0:00:00,0:00:00,0:00:00,0:00:00,0:00:00,2020-04-04
1030,0:00:00,0:36:07,0:49:30,1:12:33,0:23:26,3:01:36,2020-04-04
1031,0:00:00,0:00:00,0:00:00,0:00:00,0:00:00,0:00:00,2020-04-04
1032,0:00:00,0:23:24,0:12:26,1:23:58,0:04:20,2:04:08,2020-04-04
1033,0:00:00,0:00:00,0:00:00,0:00:00,0:00:00,0:00:00,2020-04-04
1034,0:00:00,0:00:00,0:00:00,0:00:00,0:00:00,0:00:00,2020-04-04
1035,0:00:00,0:00:00,0:00:00,0:00:00,0:00:00,0:00:00,2020-04-04
1050,0:00:00,0:00:00,0:00:00,0:00:00,0:00:00,0:00:00,2020-04-04
9999,0:00:00,0:00:00,0:00:00,0:00:00,0:00:00,0:00:00,2020-04-04
4001,0:00:00,0:00:00,0:00:00,0:00:00,0:00:00,0:00:00,2020-04-04
4002,0:00:00,0:00:00,0:00:00,0:00:00,0:00:00,0:00:00,2020-04-04
4003,0:00:00,0:00:00,0:00:00,0:00:00,0:00:00,0:00:00,2020-04-04
4004,0:00:00,0:00:00,0:00:00,0:00:00,0:00:00,0:00:00,2020-04-04
2001,0:00:00,0:00:00,0:00:00,0:00:00,0:00:00,0:00:00,2020-04-04
2002,0:00:00,0:00:00,0:00:00,0:00:00,0:00:00,0:00:00,2020-04-04
2003,0:00:00,0:00:00,0:00:00,0:00:00,0:00:00,0:00:00,2020-04-04
2004,0:00:00,0:00:00,0:00:00,0:00:00,0:00:00,0:00:00,2020-04-04
2005,0:00:00,0:00:00,0:00:00,0:00:00,0:00:00,0:00:00,2020-04-04
2006,0:00:00,0:00:00,0:00:00,0:00:00,0:00:00,0:00:00,2020-04-04
2007,0:00:00,0:00:00,0:00:00,0:00:00,0:00:00,0:00:00,2020-04-04
2008,0:00:00,0:00:00,0:00:00,0:00:00,0:00:00,0:00:00,2020-04-04
2009,0:00:00,0:00:00,0:00:00,0:00:00,0:00:00,0:00:00,2020-04-04
8888,0:00:00,0:00:00,0:00:00,0:00:00,0:00:00,0:00:00,2020-04-04
1001,0:00:00,0:00:00,0:00:00,0:00:00,0:00:00,0:00:00,2020-04-09
1002,0:00:00,1:36:01,0:00:00,1:35:57,0:00:00,3:11:58,2020-04-09
1003,0:00:00,0:00:00,0:00:00,0:00:00,0:00:00,0:00:00,2020-04-09
1004,0:00:00,0:00:00,0:00:00,0:00:00,0:00:00,0:00:00,2020-04-09
1005,0:00:00,0:00:00,0:00:00,0:00:00,0:00:00,0:00:00,2020-04-09
1006,0:00:00,0:00:00,0:00:00,0:00:00,0:00:00,0:00:00,2020-04-09
1007,0:00:00,2:27:51,0:00:00,1:30:16,0:00:00,3:58:07,2020-04-09
1008,0:00:00,0:00:00,0:30:34,1:42:56,0:00:00,2:13:30,2020-04-09
1009,0:00:00,0:00:00,0:35:04,0:04:41,3:12:13,3:51:58,2020-04-09
1010,0:00:00,1:13:44,0:00:00,0:00:00,0:00:00,1:13:44,2020-04-09
1011,0:00:00,0:00:00,0:00:00,0:35:47,0:00:00,0:35:47,2020-04-09
1012,0:00:00,0:00:00,0:00:00,0:00:00,0:00:00,0:00:00,2020-04-09
1013,0:00:00,0:22:02,0:25:42,1:24:23,0:00:00,2:12:07,2020-04-09
1014,0:00:00,0:00:00,0:00:00,0:00:00,0:00:00,0:00:00,2020-04-09
1015,0:00:00,0:00:00,0:00:00,0:00:00,0:00:00,0:00:00,2020-04-09
1016,0:00:00,0:00:00,0:00:00,0:00:00,0:00:00,0:00:00,2020-04-09
1017,0:00:00,0:00:00,0:00:00,0:00:00,0:00:00,0:00:00,2020-04-09
1018,0:00:00,0:21:22,0:29:19,2:17:40,0:00:00,3:08:21,2020-04-09
1019,0:00:00,0:20:32,0:00:00,0:00:00,0:00:00,0:20:32,2020-04-09
1020,0:00:00,0:14:26,0:42:21,0:00:00,0:03:09,0:59:56,2020-04-09
1021,0:00:00,0:37:32,0:18:40,0:24:27,0:06:01,1:26:40,2020-04-09
1022,0:00:00,0:00:00,0:40:01,1:10:38,0:00:00,1:50:39,2020-04-09
1023,0:00:00,0:00:00,0:34:46,2:17:27,0:00:00,2:52:13,2020-04-09
1024,0:00:00,0:00:00,0:00:00,0:00:00,0:00:00,0:00:00,2020-04-09
1025,0:00:00,0:00:00,0:00:00,0:00:00,0:00:00,0:00:00,2020-04-09
1026,0:00:00,0:21:25,0:00:00,2:47:36,0:00:00,3:09:01,2020-04-09
1027,0:00:00,0:00:00,0:00:00,0:00:00,0:00:00,0:00:00,2020-04-09
1028,0:00:00,0:07:19,0:40:24,1:21:21,0:11:18,2:20:22,2020-04-09
1029,0:00:00,0:00:00,0:00:00,0:00:00,0:00:00,0:00:00,2020-04-09
1030,0:00:00,0:49:05,0:43:32,0:59:13,0:38:15,3:10:05,2020-04-09
1031,0:00:00,0:00:00,0:00:00,0:00:00,0:00:00,0:00:00,2020-04-09
1032,0:00:00,0:32:34,0:00:00,3:08:59,0:00:00,3:41:33,2020-04-09
1033,0:00:00,0:00:00,0:00:00,0:00:00,0:00:00,0:00:00,2020-04-09
1034,0:00:00,0:00:00,0:00:00,0:00:00,0:00:00,0:00:00,2020-04-09
1035,0:00:00,0:00:00,0:00:00,0:00:00,0:00:00,0:00:00,2020-04-09
1050,0:00:00,0:00:00,0:00:00,0:00:00,0:00:00,0:00:00,2020-04-09
9999,0:00:00,0:00:00,0:00:00,0:00:00,0:00:00,0:00:00,2020-04-09
4001,0:00:00,0:00:00,0:00:00,0:00:00,0:00:00,0:00:00,2020-04-09
4002,0:00:00,0:00:00,0:00:00,0:00:00,0:00:00,0:00:00,2020-04-09
4003,0:00:00,0:00:00,0:00:00,0:00:00,0:00:00,0:00:00,2020-04-09
4004,0:00:00,0:00:00,0:00:00,0:00:00,0:00:00,0:00:00,2020-04-09
2001,0:00:00,0:00:00,0:00:00,0:00:00,0:00:00,0:00:00,2020-04-09
2002,0:00:00,0:00:00,0:00:00,0:00:00,0:00:00,0:00:00,2020-04-09
2003,0:00:00,0:00:00,0:00:00,0:00:00,0:00:00,0:00:00,2020-04-09
2004,0:00:00,0:00:00,0:00:00,0:00:00,0:00:00,0:00:00,2020-04-09
2005,0:00:00,0:00:00,0:00:00,0:00:00,0:00:00,0:00:00,2020-04-09
2006,0:00:00,0:00:00,0:00:00,0:00:00,0:00:00,0:00:00,2020-04-09
2007,0:00:00,0:00:00,0:00:00,0:00:00,0:00:00,0:00:00,2020-04-09
2008,0:00:00,0:00:00,0:00:00,0:00:00,0:00:00,0:00:00,2020-04-09
2009,0:00:00,0:00:00,0:00:00,0:00:00,0:00:00,0:00:00,2020-04-09
8888,0:00:00,0:00:00,0:00:00,0:00:00,0:00:00,0:00:00,2020-04-09
1001,0:00:00,0:27:23,0:34:21,1:28:24,0:17:49,2:47:57,2020-04-11
1002,0:00:00,0:00:00,0:00:00,0:00:00,0:00:00,0:00:00,2020-04-11
1003,0:00:00,0:00:00,0:00:00,0:00:00,0:28:19,0:28:19,2020-04-11
1004,0:00:00,0:00:00,0:00:00,0:00:00,0:00:00,0:00:00,2020-04-11
1005,0:00:00,0:15:03,0:44:33,0:00:00,0:00:00,0:59:36,2020-04-11
1006,0:00:00,0:15:38,0:00:00,7:59:11,0:00:00,8:14:49,2020-04-11
1007,0:00:00,0:06:58,0:00:00,6:11:46,0:16:01,6:34:45,2020-04-11
1008,0:00:00,0:17:47,0:20:16,2:59:39,0:00:00,3:37:42,2020-04-11
1009,0:00:00,0:00:00,0:00:00,0:00:00,0:00:00,0:00:00,2020-04-11
1010,0:00:00,0:00:00,0:00:00,0:00:00,0:00:00,0:00:00,2020-04-11
1011,0:00:00,0:00:00,0:00:00,0:00:00,0:00:00,0:00:00,2020-04-11
1012,0:00:00,0:00:00,0:00:00,0:00:00,0:00:00,0:00:00,2020-04-11
1013,0:00:00,0:00:00,0:00:00,0:00:00,0:00:00,0:00:00,2020-04-11
1014,0:00:00,0:00:00,0:00:00,0:00:00,0:00:00,0:00:00,2020-04-11
1015,0:00:00,0:00:00,0:00:00,0:00:00,0:00:00,0:00:00,2020-04-11
1016,0:00:00,0:00:00,0:00:00,0:00:00,0:00:00,0:00:00,2020-04-11
1017,0:00:00,0:00:00,0:00:00,0:00:00,0:00:00,0:00:00,2020-04-11
1018,0:00:00,0:15:27,0:55:37,0:59:49,0:00:00,2:10:53,2020-04-11
1019,0:00:00,0:26:46,0:21:02,2:56:16,0:00:00,3:44:04,2020-04-11
1020,0:00:00,1:14:12,0:00:00,0:08:10,0:07:14,1:29:36,2020-04-11
1021,0:00:00,0:23:05,0:37:48,0:00:00,0:06:59,1:07:52,2020-04-11
1022,0:00:00,0:10:57,0:29:56,0:54:47,0:03:10,1:38:50,2020-04-11
1023,0:00:00,0:00:00,0:39:48,4:05:45,0:00:00,4:45:33,2020-04-11
1024,0:00:00,0:16:21,0:34:18,0:40:31,0:21:34,1:52:44,2020-04-11
1025,0:00:00,0:00:00,0:00:00,0:00:00,0:00:00,0:00:00,2020-04-11
1026,0:00:00,0:09:09,0:03:28,1:52:59,0:00:00,2:05:36,2020-04-11
1027,0:00:00,0:59:36,0:52:13,0:55:32,0:00:00,2:47:21,2020-04-11
1028,0:00:00,0:20:15,0:40:42,7:29:25,0:00:00,8:30:22,2020-04-11
1029,0:00:00,0:00:00,0:00:00,0:00:00,0:00:00,0:00:00,2020-04-11
1030,0:00:00,0:41:14,0:28:36,0:46:40,0:43:29,2:39:59,2020-04-11
1031,0:00:00,0:00:00,0:00:00,0:00:00,0:00:00,0:00:00,2020-04-11
1032,0:00:00,0:29:32,0:17:31,2:25:29,0:00:00,3:12:32,2020-04-11
1033,0:00:00,0:00:00,0:00:00,0:02:13,0:00:00,0:02:13,2020-04-11
1034,0:00:00,0:00:00,0:00:00,0:00:00,0:00:00,0:00:00,2020-04-11
1035,0:00:00,0:00:00,0:00:00,0:00:00,0:00:00,0:00:00,2020-04-11
1050,0:00:00,0:00:00,0:00:00,0:00:00,0:00:00,0:00:00,2020-04-11
9999,0:00:00,0:00:00,0:00:00,0:00:00,0:00:00,0:00:00,2020-04-11
4001,0:00:00,0:00:00,0:00:00,0:00:00,0:00:00,0:00:00,2020-04-11
4002,0:00:00,0:00:00,0:00:00,0:00:00,0:00:00,0:00:00,2020-04-11
4003,0:00:00,0:00:00,0:00:00,0:00:00,0:00:00,0:00:00,2020-04-11
4004,0:00:00,0:00:00,0:00:00,0:00:00,0:00:00,0:00:00,2020-04-11
2001,0:00:00,0:00:00,0:00:00,0:00:00,0:00:00,0:00:00,2020-04-11
2002,0:00:00,0:00:00,0:00:00,0:00:00,0:00:00,0:00:00,2020-04-11
2003,0:00:00,0:00:00,0:00:00,0:00:00,0:00:00,0:00:00,2020-04-11
2004,0:00:00,0:00:00,0:00:00,0:00:00,0:00:00,0:00:00,2020-04-11
2005,0:00:00,0:00:00,0:00:00,0:00:00,0:00:00,0:00:00,2020-04-11
2006,0:00:00,0:00:00,0:00:00,0:00:00,0:00:00,0:00:00,2020-04-11
2007,0:00:00,0:00:00,0:00:00,0:00:00,0:00:00,0:00:00,2020-04-11
2008,0:00:00,0:00:00,0:00:00,0:00:00,0:00:00,0:00:00,2020-04-11
2009,0:00:00,0:00:00,0:00:00,0:00:00,0:00:00,0:00:00,2020-04-11
8888,0:00:00,0:00:00,0:00:00,0:00:00,0:00:00,0:00:00,2020-04-11
1001,0:00:00,0:00:00,0:00:00,0:00:00,0:00:00,0:00:00,2020-04-03
1002,0:00:00,3:01:14,0:00:00,0:04:47,0:00:00,3:06:01,2020-04-03
1003,0:00:00,0:00:00,0:24:08,2:39:10,0:07:33,3:10:51,2020-04-03
1004,0:00:00,0:00:00,0:00:00,0:00:00,0:00:00,0:00:00,2020-04-03
1005,0:00:00,0:00:00,0:19:21,0:38:32,0:04:46,1:02:39,2020-04-03
1006,0:00:00,1:28:19,0:00:00,2:00:28,0:00:00,3:28:47,2020-04-03
1007,0:00:00,0:04:51,1:16:00,5:55:43,0:00:00,7:16:34,2020-04-03
1008,0:00:00,0:00:00,0:00:00,1:49:29,0:00:00,1:49:29,2020-04-03
1009,0:00:00,0:00:00,0:00:00,5:57:36,1:11:23,7:08:59,2020-04-03
1010,0:00:00,0:00:00,0:54:13,3:18:15,0:00:00,4:12:28,2020-04-03
1011,0:00:00,0:00:00,0:00:00,1:09:06,0:00:00,1:09:06,2020-04-03
1012,0:00:00,0:00:00,0:00:00,0:00:00,0:00:00,0:00:00,2020-04-03
1013,0:00:00,0:00:00,0:00:00,0:00:00,0:00:00,0:00:00,2020-04-03
1014,0:00:00,0:00:00,0:00:00,0:00:00,0:00:00,0:00:00,2020-04-03
1015,0:00:00,0:00:00,0:00:00,0:00:00,0:00:00,0:00:00,2020-04-03
1016,0:00:00,0:00:00,0:00:00,0:00:00,0:00:00,0:00:00,2020-04-03
1017,0:00:00,0:00:00,0:00:00,0:00:00,0:00:00,0:00:00,2020-04-03
1018,0:00:00,0:00:00,0:00:00,4:37:17,0:00:00,4:37:17,2020-04-03
1019,0:00:00,0:00:00,0:00:00,0:00:00,0:00:00,0:00:00,2020-04-03
1020,0:00:00,0:17:03,0:36:58,0:00:00,0:21:44,1:15:45,2020-04-03
1021,0:00:00,0:29:07,0:31:34,0:36:46,0:00:00,1:37:27,2020-04-03
1022,0:00:00,0:00:00,0:29:35,0:49:02,0:13:40,1:32:17,2020-04-03
1023,0:00:00,0:00:00,0:00:00,0:00:00,0:00:00,0:00:00,2020-04-03
1024,0:00:00,0:13:05,0:37:20,2:58:19,0:11:27,4:00:11,2020-04-03
1025,0:00:00,0:00:00,0:00:00,0:00:00,0:00:00,0:00:00,2020-04-03
1026,0:00:00,0:00:00,0:00:00,0:00:00,0:00:00,0:00:00,2020-04-03
1027,0:00:00,0:00:00,0:00:00,0:00:00,0:00:00,0:00:00,2020-04-03
1028,0:00:00,0:00:00,0:33:53,0:00:00,0:00:00,0:33:53,2020-04-03
1029,0:00:00,0:00:00,0:00:00,0:00:00,0:00:00,0:00:00,2020-04-03
1030,0:00:00,0:39:48,0:35:45,1:12:22,0:39:47,3:07:42,2020-04-03
1031,0:00:00,0:00:00,0:00:00,0:00:00,0:00:00,0:00:00,2020-04-03
1032,0:00:00,0:59:37,0:29:03,2:41:28,0:00:00,4:10:08,2020-04-03
1033,0:00:00,0:00:00,0:00:00,0:00:00,0:00:00,0:00:00,2020-04-03
1034,0:00:00,0:02:04,0:00:00,0:00:00,0:00:00,0:02:04,2020-04-03
1035,0:00:00,0:00:00,0:00:00,0:00:00,0:00:00,0:00:00,2020-04-03
1050,0:00:00,0:00:00,0:00:00,0:00:00,0:00:00,0:00:00,2020-04-03
9999,0:00:00,0:00:00,0:00:00,0:00:00,0:00:00,0:00:00,2020-04-03
4001,0:00:00,0:00:00,0:00:00,0:00:00,0:00:00,0:00:00,2020-04-03
4002,0:00:00,0:00:00,0:00:00,0:00:00,0:00:00,0:00:00,2020-04-03
4003,0:00:00,0:00:00,0:00:00,0:00:00,0:00:00,0:00:00,2020-04-03
4004,0:00:00,0:00:00,0:00:00,0:00:00,0:00:00,0:00:00,2020-04-03
2001,0:00:00,0:00:00,0:00:00,0:00:00,0:00:00,0:00:00,2020-04-03
2002,0:00:00,0:00:00,0:00:00,0:00:00,0:00:00,0:00:00,2020-04-03
2003,0:00:00,0:00:00,0:00:00,0:00:00,0:00:00,0:00:00,2020-04-03
2004,0:00:00,0:00:00,0:00:00,0:00:00,0:00:00,0:00:00,2020-04-03
2005,0:00:00,0:00:00,0:00:00,0:00:00,0:00:00,0:00:00,2020-04-03
2006,0:00:00,0:00:00,0:00:00,0:00:00,0:00:00,0:00:00,2020-04-03
2007,0:00:00,0:00:00,0:00:00,0:00:00,0:00:00,0:00:00,2020-04-03
2008,0:00:00,0:00:00,0:00:00,0:00:00,0:00:00,0:00:00,2020-04-03
2009,0:00:00,0:00:00,0:00:00,0:00:00,0:00:00,0:00:00,2020-04-03
8888,0:00:00,0:00:00,0:00:00,0:00:00,0:00:00,0:00:00,2020-04-03
1001,0:00:00,0:38:42,0:31:53,1:12:40,0:17:32,2:40:47,2020-04-07
1002,0:00:00,2:52:07,0:00:00,0:00:00,0:00:00,2:52:07,2020-04-07
1003,0:00:00,0:00:00,0:00:00,0:00:54,0:19:56,0:20:50,2020-04-07
1004,0:00:00,0:00:00,0:00:00,0:00:00,0:00:00,0:00:00,2020-04-07
1005,0:00:00,0:31:26,0:17:13,0:00:00,0:00:00,0:48:39,2020-04-07
1006,0:00:00,0:00:00,0:00:00,5:27:19,0:00:00,5:27:19,2020-04-07
1007,0:00:00,0:00:00,0:00:00,0:00:00,0:00:00,0:00:00,2020-04-07
1008,0:00:00,0:00:00,0:00:00,4:48:03,0:00:00,4:48:03,2020-04-07
1009,0:00:00,0:00:00,0:00:00,0:00:00,0:00:00,0:00:00,2020-04-07
1010,0:00:00,0:49:54,0:00:00,2:28:00,0:00:00,3:17:54,2020-04-07
1011,0:00:00,0:00:00,0:00:00,1:06:14,0:00:00,1:06:14,2020-04-07
1012,0:00:00,0:00:00,0:00:00,0:00:00,0:00:00,0:00:00,2020-04-07
1013,0:00:00,0:14:44,0:26:47,1:21:01,0:00:00,2:02:32,2020-04-07
1014,0:00:00,0:00:00,0:00:00,0:00:00,0:00:00,0:00:00,2020-04-07
1015,0:00:00,0:00:00,0:00:00,0:00:00,0:00:00,0:00:00,2020-04-07
1016,0:00:00,0:00:00,0:00:00,0:00:00,0:00:00,0:00:00,2020-04-07
1017,0:00:00,0:00:00,0:00:00,0:00:00,0:00:00,0:00:00,2020-04-07
1018,0:00:00,0:22:56,0:00:00,1:49:28,0:00:00,2:12:24,2020-04-07
1019,0:00:00,0:55:36,0:23:30,2:19:50,0:00:00,3:38:56,2020-04-07
1020,0:00:00,1:14:44,0:00:00,0:09:00,0:24:21,1:48:05,2020-04-07
1021,0:00:00,0:22:40,0:17:29,0:25:04,0:05:13,1:10:26,2020-04-07
1022,0:00:00,0:00:00,0:28:11,1:09:06,0:11:11,1:48:28,2020-04-07
1023,0:00:00,0:00:00,0:40:03,1:22:59,0:00:00,2:03:02,2020-04-07
1024,0:00:00,0:09:22,0:00:00,0:13:15,0:06:31,0:29:08,2020-04-07
1025,0:00:00,0:00:00,0:00:00,0:00:00,0:00:00,0:00:00,2020-04-07
1026,0:00:00,0:00:00,0:00:00,0:00:00,0:00:00,0:00:00,2020-04-07
1027,0:00:00,0:00:00,0:00:00,0:00:00,0:00:00,0:00:00,2020-04-07
1028,0:00:00,0:00:00,0:00:00,7:59:12,0:00:00,7:59:12,2020-04-07
1029,0:00:00,0:00:00,0:00:00,0:00:00,0:00:00,0:00:00,2020-04-07
1030,0:00:00,0:44:25,0:00:47,1:28:57,0:58:01,3:12:10,2020-04-07
1031,0:00:00,0:00:00,0:00:00,1:22:04,0:00:00,1:22:04,2020-04-07
1032,0:00:00,0:21:14,0:30:14,4:04:10,0:00:00,4:55:38,2020-04-07
1033,0:00:00,0:00:00,0:00:00,0:00:00,0:00:00,0:00:00,2020-04-07
1034,0:00:00,0:22:08,0:00:00,0:00:00,0:00:00,0:22:08,2020-04-07
1035,0:00:00,0:00:00,0:00:00,0:00:00,0:00:00,0:00:00,2020-04-07
1050,0:00:00,0:00:00,0:00:00,0:00:00,0:00:00,0:00:00,2020-04-07
9999,0:00:00,0:00:00,0:00:00,0:00:00,0:00:00,0:00:00,2020-04-07
4001,0:00:00,0:00:00,0:00:00,0:00:00,0:00:00,0:00:00,2020-04-07
4002,0:00:00,0:00:00,0:00:00,0:00:00,0:00:00,0:00:00,2020-04-07
4003,0:00:00,0:00:00,0:00:00,0:00:00,0:00:00,0:00:00,2020-04-07
4004,0:00:00,0:00:00,0:00:00,0:00:00,0:00:00,0:00:00,2020-04-07
2001,0:00:00,0:00:00,0:00:00,0:00:00,0:00:00,0:00:00,2020-04-07
2002,0:00:00,0:00:00,0:00:00,0:00:00,0:00:00,0:00:00,2020-04-07
2003,0:00:00,0:00:00,0:00:00,0:00:00,0:00:00,0:00:00,2020-04-07
2004,0:00:00,0:00:00,0:00:00,0:00:00,0:00:00,0:00:00,2020-04-07
2005,0:00:00,0:00:00,0:00:00,0:00:00,0:00:00,0:00:00,2020-04-07
2006,0:00:00,0:00:00,0:00:00,0:00:00,0:00:00,0:00:00,2020-04-07
2007,0:00:00,0:00:00,0:00:00,0:00:00,0:00:00,0:00:00,2020-04-07
2008,0:00:00,0:00:00,0:00:00,0:00:00,0:00:00,0:00:00,2020-04-07
2009,0:00:00,0:00:00,0:00:00,0:00:00,0:00:00,0:00:00,2020-04-07
8888,0:00:00,0:00:00,0:00:00,0:00:00,0:00:00,0:00:00,2020-04-07
1001,0:00:00,0:24:48,0:32:13,1:07:22,0:15:17,2:19:40,2020-04-12
1002,0:00:00,3:03:43,0:00:00,4:05:57,0:00:00,7:09:40,2020-04-12
1003,0:00:00,0:00:00,0:00:00,0:00:00,0:00:00,0:00:00,2020-04-12
1004,0:00:00,0:00:00,0:00:00,0:00:00,0:00:00,0:00:00,2020-04-12
1005,0:00:00,0:00:00,0:00:00,0:00:00,0:00:00,0:00:00,2020-04-12
1006,0:00:00,0:00:00,0:00:00,6:13:20,0:00:00,6:13:20,2020-04-12
1007,0:00:00,0:52:20,0:55:55,1:38:05,0:30:44,3:57:04,2020-04-12
1008,0:00:00,0:00:00,0:00:00,2:54:29,0:00:00,2:54:29,2020-04-12
1009,0:00:00,0:37:13,0:17:59,0:00:00,0:03:38,0:58:50,2020-04-12
1010,0:00:00,0:00:00,0:00:00,0:00:00,0:00:00,0:00:00,2020-04-12
1011,0:00:00,0:00:00,0:00:00,2:33:16,0:00:00,2:33:16,2020-04-12
1012,0:00:00,0:00:00,0:00:00,0:00:00,0:00:00,0:00:00,2020-04-12
1013,0:00:00,0:14:18,0:39:20,1:28:31,0:13:48,2:35:57,2020-04-12
1014,0:00:00,0:00:00,0:00:00,0:00:00,0:00:00,0:00:00,2020-04-12
1015,0:00:00,0:00:00,0:00:00,0:00:00,0:00:00,0:00:00,2020-04-12
1016,0:00:00,0:00:00,0:00:00,0:00:00,0:00:00,0:00:00,2020-04-12
1017,0:00:00,0:00:00,0:00:00,0:00:00,0:00:00,0:00:00,2020-04-12
1018,0:00:00,0:33:59,0:48:46,1:29:37,0:00:00,2:52:22,2020-04-12
1019,0:00:00,0:09:00,0:00:00,5:40:50,0:00:00,5:49:50,2020-04-12
1020,0:00:00,0:47:10,0:00:00,0:00:00,0:15:58,1:03:08,2020-04-12
1021,0:00:00,0:22:28,0:25:50,1:02:31,0:06:59,1:57:48,2020-04-12
1022,0:00:00,0:00:00,0:00:00,0:00:00,0:00:00,0:00:00,2020-04-12
1023,0:00:00,0:00:00,0:54:41,3:06:53,0:00:00,4:01:34,2020-04-12
1024,0:00:00,0:29:42,0:41:17,0:53:40,0:13:45,2:18:24,2020-04-12
1025,0:00:00,0:00:00,0:00:00,0:00:00,0:00:00,0:00:00,2020-04-12
1026,0:00:00,0:38:16,0:00:00,0:07:52,0:00:00,0:46:08,2020-04-12
1027,0:00:00,1:23:01,0:18:43,0:07:49,0:00:00,1:49:33,2020-04-12
1028,0:00:00,0:00:00,0:26:22,8:19:55,0:15:54,9:02:11,2020-04-12
1029,0:00:00,0:00:00,0:00:00,0:00:00,0:00:00,0:00:00,2020-04-12
1030,0:00:00,0:30:43,0:33:08,0:38:57,0:51:27,2:34:15,2020-04-12
1031,0:00:00,0:00:00,0:00:00,0:00:00,0:00:00,0:00:00,2020-04-12
1032,0:00:00,0:28:19,0:25:51,0:52:21,0:00:00,1:46:31,2020-04-12
1033,0:00:00,0:00:00,0:00:00,0:00:00,0:00:00,0:00:00,2020-04-12
1034,0:00:00,0:00:00,0:00:00,0:00:00,0:00:00,0:00:00,2020-04-12
1035,0:00:00,0:00:00,0:00:00,0:00:00,0:00:00,0:00:00,2020-04-12
1050,0:00:00,0:00:00,0:00:00,0:00:00,0:00:00,0:00:00,2020-04-12
9999,0:00:00,0:00:00,0:00:00,0:00:00,0:00:00,0:00:00,2020-04-12
4001,0:00:00,0:00:00,0:00:00,0:00:00,0:00:00,0:00:00,2020-04-12
4002,0:00:00,0:00:00,0:00:00,0:00:00,0:00:00,0:00:00,2020-04-12
4003,0:00:00,0:00:00,0:00:00,0:00:00,0:00:00,0:00:00,2020-04-12
4004,0:00:00,0:00:00,0:00:00,0:00:00,0:00:00,0:00:00,2020-04-12
2001,0:00:00,0:00:00,0:00:00,0:00:00,0:00:00,0:00:00,2020-04-12
2002,0:00:00,0:00:00,0:00:00,0:00:00,0:00:00,0:00:00,2020-04-12
2003,0:00:00,0:00:00,0:00:00,0:00:00,0:00:00,0:00:00,2020-04-12
2004,0:00:00,0:00:00,0:00:00,0:00:00,0:00:00,0:00:00,2020-04-12
2005,0:00:00,0:00:00,0:00:00,0:00:00,0:00:00,0:00:00,2020-04-12
2006,0:00:00,0:00:00,0:00:00,0:00:00,0:00:00,0:00:00,2020-04-12
2007,0:00:00,0:00:00,0:00:00,0:00:00,0:00:00,0:00:00,2020-04-12
2008,0:00:00,0:00:00,0:00:00,0:00:00,0:00:00,0:00:00,2020-04-12
2009,0:00:00,0:00:00,0:00:00,0:00:00,0:00:00,0:00:00,2020-04-12
8888,0:00:00,0:00:00,0:00:00,0:00:00,0:00:00,0:00:00,2020-04-12
1001,0:00:00,0:00:00,0:00:00,0:00:00,0:00:00,0:00:00,2020-04-19
1002,0:00:00,0:10:28,1:38:08,0:00:00,0:00:00,1:48:36,2020-04-19
1003,0:00:00,0:00:00,0:00:00,0:00:00,0:00:00,0:00:00,2020-04-19
1004,0:00:00,0:00:00,0:00:00,0:00:00,0:00:00,0:00:00,2020-04-19
1005,0:00:00,0:00:00,0:00:00,0:00:00,0:00:00,0:00:00,2020-04-19
1006,0:00:00,0:00:00,0:00:00,0:00:00,0:00:00,0:00:00,2020-04-19
1007,0:00:00,0:00:00,0:00:00,0:00:00,0:00:00,0:00:00,2020-04-19
1008,0:00:00,0:00:00,0:00:00,0:00:00,0:00:00,0:00:00,2020-04-19
1009,0:00:00,0:00:00,0:00:00,0:00:00,0:00:00,0:00:00,2020-04-19
1010,0:00:00,0:00:00,0:00:00,0:00:00,0:00:00,0:00:00,2020-04-19
1011,0:00:00,0:00:00,0:00:00,0:00:00,0:00:00,0:00:00,2020-04-19
1012,0:00:00,0:00:00,0:00:00,0:00:00,0:00:00,0:00:00,2020-04-19
1013,0:00:00,0:00:00,0:00:00,0:00:00,0:00:00,0:00:00,2020-04-19
1014,0:00:00,0:00:00,0:00:00,0:00:00,0:00:00,0:00:00,2020-04-19
1015,0:00:00,0:00:00,0:00:00,0:00:00,0:00:00,0:00:00,2020-04-19
1016,0:00:00,0:00:00,0:00:00,0:00:00,0:00:00,0:00:00,2020-04-19
1017,0:00:00,0:00:00,0:00:00,0:00:00,0:00:00,0:00:00,2020-04-19
1018,0:00:00,0:00:00,0:00:00,0:00:00,0:00:00,0:00:00,2020-04-19
1019,0:00:00,0:00:00,0:00:00,0:00:00,0:00:00,0:00:00,2020-04-19
1020,0:00:00,0:00:00,0:00:00,0:00:00,0:00:00,0:00:00,2020-04-19
1021,0:00:00,0:00:00,0:00:00,0:00:00,0:00:00,0:00:00,2020-04-19
1022,0:00:00,0:00:00,0:28:17,0:12:48,0:00:00,0:41:05,2020-04-19
1023,0:00:00,0:00:00,0:41:21,0:47:26,0:00:00,1:28:47,2020-04-19
1024,0:00:00,0:00:00,0:00:00,0:00:00,0:00:00,0:00:00,2020-04-19
1025,0:00:00,0:00:00,0:00:00,0:00:00,0:00:00,0:00:00,2020-04-19
1026,0:00:00,0:22:30,0:35:41,0:00:00,0:00:00,0:58:11,2020-04-19
1027,0:00:00,0:00:00,0:00:00,0:00:00,0:00:00,0:00:00,2020-04-19
1028,0:00:00,0:14:02,0:39:36,0:00:00,0:03:16,0:56:54,2020-04-19
1029,0:00:00,0:00:00,0:00:00,0:00:00,0:00:00,0:00:00,2020-04-19
1030,0:00:00,0:45:27,0:32:40,0:00:00,0:02:51,1:20:58,2020-04-19
1031,0:00:00,0:00:00,0:00:00,0:00:00,0:00:00,0:00:00,2020-04-19
1032,0:00:00,0:36:27,0:20:45,1:59:27,0:06:13,3:02:52,2020-04-19
1033,0:00:00,0:00:00,0:00:00,0:00:00,0:00:00,0:00:00,2020-04-19
1034,0:00:00,0:00:00,0:00:00,0:00:00,0:00:00,0:00:00,2020-04-19
1035,0:00:00,0:00:00,0:00:00,0:00:00,0:00:00,0:00:00,2020-04-19
1050,0:00:00,0:00:00,0:00:00,0:00:00,0:00:00,0:00:00,2020-04-19
9999,0:00:00,0:00:00,0:00:00,0:00:00,0:00:00,0:00:00,2020-04-19
4001,0:00:00,0:00:00,0:00:00,0:00:00,0:00:00,0:00:00,2020-04-19
4002,0:00:00,0:00:00,0:00:00,0:00:00,0:00:00,0:00:00,2020-04-19
4003,0:00:00,0:00:00,0:00:00,0:00:00,0:00:00,0:00:00,2020-04-19
4004,0:00:00,0:00:00,0:00:00,0:00:00,0:00:00,0:00:00,2020-04-19
2001,0:00:00,0:00:00,0:00:00,0:00:00,0:00:00,0:00:00,2020-04-19
2002,0:00:00,0:00:00,0:00:00,0:00:00,0:00:00,0:00:00,2020-04-19
2003,0:00:00,0:00:00,0:00:00,0:00:00,0:00:00,0:00:00,2020-04-19
2004,0:00:00,0:00:00,0:00:00,0:00:00,0:00:00,0:00:00,2020-04-19
2005,0:00:00,0:00:00,0:00:00,0:00:00,0:00:00,0:00:00,2020-04-19
2006,0:00:00,0:00:00,0:00:00,0:00:00,0:00:00,0:00:00,2020-04-19
2007,0:00:00,0:00:00,0:00:00,0:00:00,0:00:00,0:00:00,2020-04-19
2008,0:00:00,0:00:00,0:00:00,0:00:00,0:00:00,0:00:00,2020-04-19
2009,0:00:00,0:00:00,0:00:00,0:00:00,0:00:00,0:00:00,2020-04-19
8888,0:00:00,0:00:00,0:00:00,0:00:00,0:00:00,0:00:00,2020-04-19
1001,0:00:00,0:00:00,0:00:00,0:00:00,0:00:00,0:00:00,2020-04-17
1002,0:00:00,0:00:00,1:10:27,0:50:20,0:00:00,2:00:47,2020-04-17
1003,0:00:00,0:00:00,0:00:00,0:00:00,0:00:00,0:00:00,2020-04-17
1004,0:00:00,0:00:00,0:00:00,0:00:00,0:00:00,0:00:00,2020-04-17
1005,0:00:00,0:00:00,0:00:00,0:00:00,0:00:00,0:00:00,2020-04-17
1006,0:00:00,0:00:00,0:17:17,0:00:00,0:00:00,0:17:17,2020-04-17
1007,0:00:00,0:00:00,0:00:00,0:00:00,0:00:00,0:00:00,2020-04-17
1008,0:00:00,0:00:00,0:00:00,0:00:00,0:00:00,0:00:00,2020-04-17
1009,0:00:00,0:00:00,0:00:00,0:00:00,0:00:00,0:00:00,2020-04-17
1010,0:00:00,0:00:00,0:00:00,0:00:00,0:00:00,0:00:00,2020-04-17
1011,0:00:00,0:00:00,0:00:00,0:00:00,0:00:00,0:00:00,2020-04-17
1012,0:00:00,0:00:00,0:00:00,0:00:00,0:00:00,0:00:00,2020-04-17
1013,0:00:00,0:00:00,0:00:00,0:00:00,0:00:00,0:00:00,2020-04-17
1014,0:00:00,0:00:00,0:00:00,0:00:00,0:00:00,0:00:00,2020-04-17
1015,0:00:00,0:00:00,0:00:00,0:00:00,0:00:00,0:00:00,2020-04-17
1016,0:00:00,0:00:00,0:00:00,0:00:00,0:00:00,0:00:00,2020-04-17
1017,0:00:00,0:00:00,0:00:00,0:00:00,0:00:00,0:00:00,2020-04-17
1018,0:00:00,0:00:00,0:00:00,0:00:00,0:00:00,0:00:00,2020-04-17
1019,0:00:00,0:00:00,0:27:47,2:08:49,0:00:00,2:36:36,2020-04-17
1020,0:00:00,0:00:00,0:00:00,0:00:00,0:00:00,0:00:00,2020-04-17
1021,0:00:00,0:13:33,0:23:34,1:49:08,0:05:39,2:31:54,2020-04-17
1022,0:00:00,0:00:00,1:03:05,6:36:47,0:00:00,7:39:52,2020-04-17
1023,0:00:00,0:00:00,0:46:55,8:12:42,0:00:00,8:59:37,2020-04-17
1024,0:00:00,0:00:00,0:02:49,0:00:00,0:05:01,0:07:50,2020-04-17
1025,0:00:00,0:00:00,0:00:00,0:00:00,0:00:00,0:00:00,2020-04-17
1026,0:00:00,0:15:26,0:00:00,2:37:15,0:00:00,2:52:41,2020-04-17
1027,0:00:00,0:00:00,0:00:00,0:00:00,0:00:00,0:00:00,2020-04-17
1028,0:00:00,0:20:51,0:31:13,7:43:09,0:00:00,8:35:13,2020-04-17
1029,0:00:00,0:00:00,0:00:00,0:00:00,0:00:00,0:00:00,2020-04-17
1030,0:00:00,0:33:16,0:34:48,4:56:08,0:09:07,6:13:19,2020-04-17
1031,0:00:00,0:00:00,0:00:00,0:00:00,0:00:00,0:00:00,2020-04-17
1032,0:00:00,0:00:00,0:00:00,0:00:00,0:00:00,0:00:00,2020-04-17
1033,0:00:00,0:00:00,0:23:09,0:53:16,0:00:00,1:16:25,2020-04-17
1034,0:00:00,0:00:00,0:00:00,1:19:58,0:00:00,1:19:58,2020-04-17
1035,0:00:00,0:00:00,0:00:00,0:00:00,0:00:00,0:00:00,2020-04-17
1050,0:00:00,0:00:00,0:00:00,0:00:00,0:00:00,0:00:00,2020-04-17
9999,0:00:00,0:00:00,0:00:00,0:00:00,0:00:00,0:00:00,2020-04-17
4001,0:00:00,0:00:00,0:00:00,0:00:00,0:00:00,0:00:00,2020-04-17
4002,0:00:00,0:00:00,0:00:00,0:00:00,0:00:00,0:00:00,2020-04-17
4003,0:00:00,0:00:00,0:00:00,0:00:00,0:00:00,0:00:00,2020-04-17
4004,0:00:00,0:00:00,0:00:00,0:00:00,0:00:00,0:00:00,2020-04-17
2001,0:00:00,0:00:00,0:00:00,0:00:00,0:00:00,0:00:00,2020-04-17
2002,0:00:00,0:00:00,0:00:00,0:00:00,0:00:00,0:00:00,2020-04-17
2003,0:00:00,0:00:00,0:00:00,0:00:00,0:00:00,0:00:00,2020-04-17
2004,0:00:00,0:00:00,0:00:00,0:00:00,0:00:00,0:00:00,2020-04-17
2005,0:00:00,0:00:00,0:00:00,0:00:00,0:00:00,0:00:00,2020-04-17
2006,0:00:00,0:00:00,0:00:00,0:00:00,0:00:00,0:00:00,2020-04-17
2007,0:00:00,0:00:00,0:00:00,0:00:00,0:00:00,0:00:00,2020-04-17
2008,0:00:00,0:00:00,0:00:00,0:00:00,0:00:00,0:00:00,2020-04-17
2009,0:00:00,0:00:00,0:00:00,0:00:00,0:00:00,0:00:00,2020-04-17
8888,0:00:00,0:00:00,0:00:00,0:00:00,0:00:00,0:00:00,2020-04-17
1001,0:00:00,0:00:00,0:00:00,0:00:00,0:00:00,0:00:00,2020-04-21
1002,0:00:00,0:00:00,0:00:00,0:00:00,0:00:00,0:00:00,2020-04-21
1003,0:00:00,0:00:00,0:00:00,0:00:00,0:00:00,0:00:00,2020-04-21
1004,0:00:00,0:00:00,0:00:00,0:00:00,0:00:00,0:00:00,2020-04-21
1005,0:00:00,0:00:00,0:00:00,0:00:00,0:00:00,0:00:00,2020-04-21
1006,0:00:00,0:00:00,0:00:00,0:00:00,0:00:00,0:00:00,2020-04-21
1007,0:00:00,0:00:00,0:00:00,0:00:00,0:00:00,0:00:00,2020-04-21
1008,0:00:00,0:00:00,0:00:00,0:00:00,0:00:00,0:00:00,2020-04-21
1009,0:00:00,0:00:00,0:00:00,0:00:00,0:00:00,0:00:00,2020-04-21
1010,0:00:00,0:00:00,0:00:00,0:00:00,0:00:00,0:00:00,2020-04-21
1011,0:00:00,0:00:00,0:00:00,0:00:00,0:00:00,0:00:00,2020-04-21
1012,0:00:00,0:00:00,0:00:00,0:00:00,0:00:00,0:00:00,2020-04-21
1013,0:00:00,0:00:00,0:00:00,0:00:00,0:00:00,0:00:00,2020-04-21
1014,0:00:00,0:00:00,0:00:00,0:00:00,0:00:00,0:00:00,2020-04-21
1015,0:00:00,0:00:00,0:00:00,0:00:00,0:00:00,0:00:00,2020-04-21
1016,0:00:00,0:00:00,0:00:00,0:00:00,0:00:00,0:00:00,2020-04-21
1017,0:00:00,0:00:00,0:00:00,0:00:00,0:00:00,0:00:00,2020-04-21
1018,0:00:00,0:00:00,0:00:00,0:00:00,0:00:00,0:00:00,2020-04-21
1019,0:00:00,0:30:47,0:18:43,0:00:00,0:00:00,0:49:30,2020-04-21
1020,0:00:00,0:00:00,0:00:00,0:00:00,0:00:00,0:00:00,2020-04-21
1021,0:00:00,0:20:53,0:32:46,0:22:01,0:00:00,1:15:40,2020-04-21
1022,0:00:00,0:00:00,0:30:44,0:50:10,0:00:00,1:20:54,2020-04-21
1023,0:00:00,0:00:00,0:44:38,0:10:05,0:00:00,0:54:43,2020-04-21
1024,0:00:00,0:00:00,0:00:00,0:00:00,0:00:00,0:00:00,2020-04-21
1025,0:00:00,0:00:00,0:00:00,0:00:00,0:00:00,0:00:00,2020-04-21
1026,0:00:00,0:00:00,0:00:00,0:00:00,0:00:00,0:00:00,2020-04-21
1027,0:00:00,0:00:00,0:00:00,0:00:00,0:00:00,0:00:00,2020-04-21
1028,0:00:00,0:20:35,0:35:12,3:20:22,0:00:00,4:16:09,2020-04-21
1029,0:00:00,0:00:00,0:00:00,0:00:00,0:00:00,0:00:00,2020-04-21
1030,0:00:00,0:19:16,0:37:36,0:04:57,0:19:54,1:21:43,2020-04-21
1031,0:00:00,0:00:00,0:00:00,0:00:00,0:00:00,0:00:00,2020-04-21
1032,0:00:00,0:00:00,0:00:00,0:00:00,0:00:00,0:00:00,2020-04-21
1033,0:00:00,0:00:00,0:00:00,0:00:00,0:00:00,0:00:00,2020-04-21
1034,0:00:00,0:00:00,0:00:00,0:00:00,0:00:00,0:00:00,2020-04-21
1035,0:00:00,0:00:00,0:00:00,0:00:00,0:00:00,0:00:00,2020-04-21
1050,0:00:00,0:00:00,0:00:00,0:00:00,0:00:00,0:00:00,2020-04-21
9999,0:00:00,0:00:00,0:00:00,0:00:00,0:00:00,0:00:00,2020-04-21
4001,0:00:00,0:00:00,0:00:00,0:00:00,0:00:00,0:00:00,2020-04-21
4002,0:00:00,0:00:00,0:00:00,0:00:00,0:00:00,0:00:00,2020-04-21
4003,0:00:00,0:00:00,0:00:00,0:00:00,0:00:00,0:00:00,2020-04-21
4004,0:00:00,0:00:00,0:00:00,0:00:00,0:00:00,0:00:00,2020-04-21
2001,0:00:00,0:00:00,0:00:00,0:00:00,0:00:00,0:00:00,2020-04-21
2002,0:00:00,0:00:00,0:00:00,0:00:00,0:00:00,0:00:00,2020-04-21
2003,0:00:00,0:00:00,0:00:00,0:00:00,0:00:00,0:00:00,2020-04-21
2004,0:00:00,0:00:00,0:00:00,0:00:00,0:00:00,0:00:00,2020-04-21
2005,0:00:00,0:00:00,0:00:00,0:00:00,0:00:00,0:00:00,2020-04-21
2006,0:00:00,0:00:00,0:00:00,0:00:00,0:00:00,0:00:00,2020-04-21
2007,0:00:00,0:00:00,0:00:00,0:00:00,0:00:00,0:00:00,2020-04-21
2008,0:00:00,0:00:00,0:00:00,0:00:00,0:00:00,0:00:00,2020-04-21
2009,0:00:00,0:00:00,0:00:00,0:00:00,0:00:00,0:00:00,2020-04-21
8888,0:00:00,0:00:00,0:00:00,0:00:00,0:00:00,0:00:00,2020-04-21
