agent,date_init,date_end
1001,2020-04-14 09:41:25,2020-04-14 15:12:06
1001,2020-04-14 15:12:34,2020-04-14 18:50:35
1001,2020-04-15 09:41:39,2020-04-15 15:41:39
1001,2020-04-15 15:43:01,2020-04-15 17:51:11
1001,2020-04-15 17:52:25,2020-04-15 18:41:58
1002,2020-04-14 09:23:26,2020-04-14 10:57:01
1002,2020-04-14 10:58:01,2020-04-14 19:00:54
1002,2020-04-15 09:14:31,2020-04-15 09:40:19
1002,2020-04-15 09:41:09,2020-04-15 19:29:39
1002,2020-04-16 09:18:57,2020-04-16 10:12:22
1002,2020-04-16 10:13:03,2020-04-16 11:33:56
1002,2020-04-16 14:06:46,2020-04-16 18:12:23
1002,2020-04-17 09:39:08,2020-04-17 15:54:00
1002,2020-04-17 15:56:42,2020-04-17 15:56:49
1002,2020-04-17 15:57:04,2020-04-17 17:28:07
1002,2020-04-19 09:04:03,2020-04-19 15:15:01
1002,2020-04-19 15:15:18,2020-04-19 18:32:14
1002,2020-04-20 09:17:33,2020-04-20 12:48:18
1002,2020-04-20 12:52:02,2020-04-20 12:55:44
1002,2020-04-20 12:57:13,2020-04-20 18:07:29
1002,2020-04-21 09:15:50,2020-04-21 13:33:44
1002,2020-04-21 18:04:11,2020-04-21 18:05:03
1002,2020-04-22 09:29:25,2020-04-22 15:07:42
1002,2020-04-22 15:10:56,2020-04-22 18:20:43
1002,2020-04-22 18:21:07,2020-04-22 18:29:12
1003,2020-04-14 10:45:21,2020-04-14 13:29:05
1003,2020-04-14 13:30:17,2020-04-14 14:29:16
1003,2020-04-14 15:27:32,2020-04-14 16:27:08
1003,2020-04-14 18:01:46,2020-04-14 19:30:57
1003,2020-04-15 09:00:13,2020-04-15 10:50:15
1003,2020-04-15 11:08:04,2020-04-15 13:01:42
1003,2020-04-15 14:29:56,2020-04-15 15:16:15
1003,2020-04-15 15:16:36,2020-04-15 16:23:20
1003,2020-04-15 16:56:28,2020-04-15 18:00:04
1003,2020-04-16 09:15:18,2020-04-16 09:48:08
1003,2020-04-16 09:48:44,2020-04-16 11:42:20
1005,2020-04-14 11:52:05,2020-04-14 15:10:30
1005,2020-04-14 15:31:13,2020-04-14 21:14:55
1005,2020-04-15 09:06:14,2020-04-15 09:49:03
1005,2020-04-15 09:49:50,2020-04-15 15:22:37
1005,2020-04-15 15:25:37,2020-04-15 18:32:49
1006,2020-04-14 09:31:49,2020-04-14 10:54:48
1006,2020-04-14 10:55:18,2020-04-14 11:23:47
1006,2020-04-14 11:31:01,2020-04-14 14:31:35
1006,2020-04-14 14:33:01,2020-04-14 16:10:06
1006,2020-04-14 16:31:16,2020-04-14 18:51:49
1006,2020-04-15 09:29:37,2020-04-15 14:01:26
1006,2020-04-15 14:02:45,2020-04-15 17:39:53
1006,2020-04-15 17:56:55,2020-04-15 18:52:59
1006,2020-04-16 09:24:14,2020-04-16 09:55:03
1006,2020-04-16 10:30:52,2020-04-16 11:13:56
1006,2020-04-16 14:41:49,2020-04-16 14:45:09
1006,2020-04-16 15:52:11,2020-04-16 17:58:54
1006,2020-04-16 17:59:14,2020-04-16 18:55:36
1006,2020-04-17 09:46:35,2020-04-17 11:23:40
1006,2020-04-17 11:36:30,2020-04-17 12:58:15
1006,2020-04-17 12:58:35,2020-04-17 14:01:39
1006,2020-04-17 14:20:42,2020-04-17 14:50:43
1006,2020-04-17 14:51:12,2020-04-17 15:50:50
1006,2020-04-17 15:51:18,2020-04-17 16:07:05
1006,2020-04-17 16:07:36,2020-04-17 16:12:27
1006,2020-04-17 16:13:18,2020-04-17 17:16:25
1006,2020-04-17 17:22:11,2020-04-17 18:09:13
1006,2020-04-17 18:09:40,2020-04-17 18:25:08
1006,2020-04-17 18:25:28,2020-04-17 18:54:38
1006,2020-04-18 09:07:39,2020-04-18 11:28:02
1006,2020-04-18 11:28:23,2020-04-18 13:39:28
1006,2020-04-18 13:41:17,2020-04-18 15:32:21
1006,2020-04-18 17:08:11,2020-04-18 17:35:23
1006,2020-04-18 17:35:46,2020-04-18 17:35:46
1006,2020-04-20 09:01:57,2020-04-20 11:36:37
1006,2020-04-20 11:36:56,2020-04-20 11:58:46
1006,2020-04-20 11:59:47,2020-04-20 12:48:18
1006,2020-04-20 13:34:43,2020-04-20 15:39:20
1006,2020-04-20 15:39:40,2020-04-20 16:02:05
1006,2020-04-20 16:02:33,2020-04-20 18:17:33
1006,2020-04-21 09:02:26,2020-04-21 10:19:30
1006,2020-04-21 12:02:41,2020-04-21 12:19:55
1006,2020-04-21 12:20:14,2020-04-21 12:21:36
1006,2020-04-21 12:22:34,2020-04-21 12:32:00
1006,2020-04-21 12:32:18,2020-04-21 13:51:22
1006,2020-04-21 14:19:34,2020-04-21 14:48:10
1006,2020-04-21 14:48:35,2020-04-21 16:15:39
1006,2020-04-21 16:32:59,2020-04-21 17:58:04
1006,2020-04-21 18:01:49,2020-04-21 18:42:54
1006,2020-04-22 09:08:05,2020-04-22 10:51:58
1006,2020-04-22 10:52:22,2020-04-22 11:41:30
1006,2020-04-22 11:41:51,2020-04-22 14:03:40
1006,2020-04-22 14:04:44,2020-04-22 16:10:47
1006,2020-04-22 16:11:12,2020-04-22 18:26:19
1007,2020-04-15 11:55:11,2020-04-15 14:27:05
1007,2020-04-15 16:37:06,2020-04-15 18:24:56
1007,2020-04-15 18:25:13,2020-04-15 21:04:04
1008,2020-04-14 10:20:19,2020-04-14 13:11:14
1008,2020-04-14 13:16:03,2020-04-14 14:00:09
1008,2020-04-14 14:00:38,2020-04-14 19:25:46
1008,2020-04-15 10:20:24,2020-04-15 19:33:30
1008,2020-04-16 10:14:17,2020-04-16 10:32:25
1008,2020-04-16 14:06:27,2020-04-16 19:22:29
1008,2020-04-17 09:54:49,2020-04-17 09:57:18
1008,2020-04-17 10:40:51,2020-04-17 11:23:08
1008,2020-04-17 11:23:49,2020-04-17 16:00:04
1008,2020-04-17 16:03:20,2020-04-17 20:41:57
1008,2020-04-17 20:48:08,2020-04-17 20:51:02
1008,2020-04-19 10:26:07,2020-04-19 19:33:28
1008,2020-04-20 11:37:01,2020-04-20 12:48:18
1008,2020-04-20 12:57:42,2020-04-20 12:59:14
1008,2020-04-20 13:10:50,2020-04-20 14:08:22
1008,2020-04-20 14:09:13,2020-04-20 21:41:50
1008,2020-04-21 11:30:51,2020-04-21 12:14:35
1008,2020-04-21 12:16:06,2020-04-21 18:16:36
1008,2020-04-21 18:16:55,2020-04-21 18:41:14
1008,2020-04-21 18:41:34,2020-04-21 19:47:14
1008,2020-04-21 19:47:31,2020-04-21 21:49:02
1008,2020-04-22 12:02:11,2020-04-22 14:11:01
1008,2020-04-22 14:11:30,2020-04-22 14:54:45
1008,2020-04-22 14:55:48,2020-04-22 16:52:51
1008,2020-04-22 16:55:28,2020-04-22 16:56:47
1008,2020-04-22 16:57:10,2020-04-22 19:59:38
1008,2020-04-22 19:59:54,2020-04-22 21:30:21
1009,2020-04-14 09:16:58,2020-04-14 11:58:45
1009,2020-04-14 12:00:33,2020-04-14 13:30:06
1009,2020-04-14 13:30:28,2020-04-14 18:33:11
1009,2020-04-15 09:17:59,2020-04-15 14:21:24
1009,2020-04-15 14:22:26,2020-04-15 15:54:59
1009,2020-04-15 15:55:16,2020-04-15 16:45:55
1009,2020-04-15 16:46:15,2020-04-15 18:28:41
1010,2020-04-14 13:14:29,2020-04-14 13:48:19
1010,2020-04-14 13:48:35,2020-04-14 15:33:25
1010,2020-04-15 11:58:47,2020-04-15 13:28:37
1010,2020-04-15 17:47:10,2020-04-15 19:16:56
1010,2020-04-15 20:10:44,2020-04-15 21:10:39
1011,2020-04-14 12:08:39,2020-04-14 13:39:38
1011,2020-04-14 13:55:54,2020-04-14 21:13:21
1013,2020-04-15 09:13:29,2020-04-15 17:40:44
1018,2020-04-14 11:34:57,2020-04-14 20:39:26
1018,2020-04-15 11:54:23,2020-04-15 20:59:13
1019,2020-04-14 08:45:58,2020-04-14 14:43:07
1019,2020-04-14 14:43:42,2020-04-14 17:55:30
1019,2020-04-14 20:11:17,2020-04-14 20:11:23
1019,2020-04-16 08:51:24,2020-04-16 11:32:35
1019,2020-04-16 15:01:25,2020-04-16 19:22:01
1019,2020-04-17 08:54:43,2020-04-17 11:58:53
1019,2020-04-17 14:18:28,2020-04-17 14:26:23
1019,2020-04-17 14:26:43,2020-04-17 15:06:16
1019,2020-04-17 16:11:05,2020-04-17 17:19:33
1019,2020-04-17 17:41:10,2020-04-17 18:02:02
1019,2020-04-18 09:00:04,2020-04-18 18:05:16
1019,2020-04-20 09:08:02,2020-04-20 10:07:43
1019,2020-04-20 10:15:45,2020-04-20 12:43:11
1019,2020-04-20 13:03:32,2020-04-20 13:30:06
1019,2020-04-20 13:45:52,2020-04-20 17:58:55
1019,2020-04-21 08:44:09,2020-04-21 10:39:53
1019,2020-04-21 10:41:08,2020-04-21 13:04:57
1019,2020-04-21 13:05:28,2020-04-21 13:45:10
1019,2020-04-21 13:45:31,2020-04-21 18:36:34
1019,2020-04-22 08:41:09,2020-04-22 16:52:54
1019,2020-04-22 17:15:32,2020-04-22 18:26:22
1020,2020-04-15 12:05:03,2020-04-15 18:28:30
1020,2020-04-15 20:30:13,2020-04-15 21:01:59
1021,2020-04-14 09:07:41,2020-04-14 18:48:55
1021,2020-04-15 09:00:00,2020-04-15 18:06:00
1021,2020-04-16 09:15:05,2020-04-16 11:21:28
1021,2020-04-16 13:53:48,2020-04-16 14:34:24
1021,2020-04-16 14:40:27,2020-04-16 16:18:17
1021,2020-04-16 16:18:58,2020-04-16 19:32:53
1021,2020-04-17 09:04:52,2020-04-17 15:24:03
1021,2020-04-17 15:24:27,2020-04-17 17:00:19
1021,2020-04-17 17:00:56,2020-04-17 18:11:03
1021,2020-04-17 18:12:32,2020-04-17 18:14:48
1021,2020-04-18 09:09:35,2020-04-18 17:05:26
1021,2020-04-20 09:04:58,2020-04-20 11:50:02
1021,2020-04-20 11:50:32,2020-04-20 12:42:29
1021,2020-04-20 12:51:05,2020-04-20 12:55:44
1021,2020-04-20 12:56:26,2020-04-20 13:41:23
1021,2020-04-20 13:41:46,2020-04-20 18:12:44
1021,2020-04-21 09:10:52,2020-04-21 09:26:55
1021,2020-04-21 09:28:11,2020-04-21 12:37:38
1021,2020-04-21 12:38:09,2020-04-21 16:55:56
1021,2020-04-21 16:56:20,2020-04-21 18:24:36
1021,2020-04-22 09:19:19,2020-04-22 10:54:13
1021,2020-04-22 10:54:47,2020-04-22 16:56:10
1021,2020-04-22 16:57:45,2020-04-22 18:51:45
1022,2020-04-14 11:55:11,2020-04-14 12:52:21
1022,2020-04-14 12:52:44,2020-04-14 21:02:12
1022,2020-04-15 11:52:26,2020-04-15 13:29:22
1022,2020-04-15 13:29:52,2020-04-15 17:10:24
1022,2020-04-15 17:11:48,2020-04-15 20:26:33
1022,2020-04-15 20:28:30,2020-04-15 21:02:47
1022,2020-04-16 14:11:48,2020-04-16 14:42:13
1022,2020-04-16 14:43:39,2020-04-16 21:02:33
1022,2020-04-17 11:50:45,2020-04-17 16:07:18
1022,2020-04-17 16:08:05,2020-04-17 16:09:13
1022,2020-04-17 16:10:01,2020-04-17 17:16:01
1022,2020-04-17 17:16:24,2020-04-17 18:20:38
1022,2020-04-17 18:21:12,2020-04-17 21:00:00
1022,2020-04-18 11:57:19,2020-04-18 13:20:14
1022,2020-04-18 13:20:32,2020-04-18 17:50:11
1022,2020-04-18 18:19:21,2020-04-18 18:40:09
1022,2020-04-18 18:45:27,2020-04-18 19:26:55
1022,2020-04-18 19:27:22,2020-04-18 21:01:51
1022,2020-04-19 12:10:38,2020-04-19 13:32:19
1022,2020-04-19 13:32:47,2020-04-19 21:01:19
1022,2020-04-21 11:54:18,2020-04-21 21:02:03
1022,2020-04-22 11:53:07,2020-04-22 20:47:39
1022,2020-04-22 20:47:59,2020-04-22 21:02:47
1023,2020-04-14 12:22:48,2020-04-14 21:44:00
1023,2020-04-16 14:58:07,2020-04-16 15:55:08
1023,2020-04-16 16:05:33,2020-04-16 20:41:28
1023,2020-04-17 11:57:43,2020-04-17 16:53:04
1023,2020-04-17 16:53:30,2020-04-17 17:12:41
1023,2020-04-17 17:19:08,2020-04-17 17:46:43
1023,2020-04-17 17:47:07,2020-04-17 21:28:56
1023,2020-04-18 11:57:20,2020-04-18 14:08:07
1023,2020-04-18 14:43:18,2020-04-18 17:11:37
1023,2020-04-18 18:35:26,2020-04-18 18:41:40
1023,2020-04-18 18:50:40,2020-04-18 19:16:05
1023,2020-04-18 19:22:52,2020-04-18 19:42:53
1023,2020-04-18 19:47:56,2020-04-18 20:27:00
1023,2020-04-18 20:51:47,2020-04-18 20:54:01
1023,2020-04-19 12:03:35,2020-04-19 13:05:22
1023,2020-04-19 13:05:52,2020-04-19 19:18:39
1023,2020-04-19 19:23:52,2020-04-19 19:38:52
1023,2020-04-19 19:42:23,2020-04-19 19:57:23
1023,2020-04-19 20:05:48,2020-04-19 20:30:42
1023,2020-04-19 20:37:00,2020-04-19 21:10:18
1023,2020-04-20 12:03:13,2020-04-20 12:40:54
1023,2020-04-20 13:07:52,2020-04-20 17:25:59
1023,2020-04-20 18:52:07,2020-04-20 20:36:00
1023,2020-04-20 20:47:11,2020-04-20 21:02:11
1023,2020-04-21 11:58:58,2020-04-21 12:39:22
1023,2020-04-21 14:07:17,2020-04-21 14:52:58
1023,2020-04-21 15:01:40,2020-04-21 21:02:51
1023,2020-04-22 12:00:16,2020-04-22 12:26:05
1023,2020-04-22 12:27:56,2020-04-22 17:01:22
1023,2020-04-22 17:01:35,2020-04-22 21:07:06
1024,2020-04-14 09:42:48,2020-04-14 10:54:54
1024,2020-04-14 10:57:48,2020-04-14 13:43:07
1024,2020-04-14 13:57:10,2020-04-14 17:23:32
1024,2020-04-14 17:30:12,2020-04-14 19:10:52
1024,2020-04-15 09:07:25,2020-04-15 14:55:37
1024,2020-04-15 14:56:59,2020-04-15 19:12:47
1024,2020-04-16 09:25:54,2020-04-16 11:18:36
1024,2020-04-16 14:57:29,2020-04-16 16:04:26
1024,2020-04-16 16:09:03,2020-04-16 17:23:06
1024,2020-04-16 17:26:19,2020-04-16 19:24:56
1024,2020-04-17 09:06:21,2020-04-17 10:14:03
1024,2020-04-17 10:16:40,2020-04-17 12:19:43
1024,2020-04-17 13:12:47,2020-04-17 15:46:33
1024,2020-04-17 15:52:02,2020-04-17 16:51:37
1024,2020-04-18 09:08:17,2020-04-18 11:09:59
1024,2020-04-18 11:10:48,2020-04-18 13:43:50
1024,2020-04-18 14:49:22,2020-04-18 15:45:41
1024,2020-04-18 15:52:29,2020-04-18 16:23:47
1024,2020-04-18 16:24:18,2020-04-18 16:24:18
1024,2020-04-18 18:20:51,2020-04-18 19:16:49
1024,2020-04-18 19:17:07,2020-04-18 19:19:15
1024,2020-04-20 08:47:08,2020-04-20 08:47:08
1024,2020-04-20 14:11:42,2020-04-20 15:09:49
1024,2020-04-20 15:22:46,2020-04-20 18:55:15
1024,2020-04-21 09:02:09,2020-04-21 16:21:00
1024,2020-04-21 16:22:13,2020-04-21 18:38:33
1024,2020-04-22 09:08:59,2020-04-22 13:17:39
1024,2020-04-22 13:17:57,2020-04-22 14:42:20
1024,2020-04-22 14:48:51,2020-04-22 18:23:32
1024,2020-04-22 18:23:49,2020-04-22 18:49:51
1026,2020-04-14 11:39:26,2020-04-14 12:07:40
1026,2020-04-14 12:09:30,2020-04-14 16:23:51
1026,2020-04-14 17:46:00,2020-04-14 18:44:43
1026,2020-04-14 19:51:31,2020-04-14 20:52:27
1026,2020-04-15 12:03:48,2020-04-15 12:46:45
1026,2020-04-15 13:16:01,2020-04-15 13:22:37
1026,2020-04-15 13:57:40,2020-04-15 14:35:24
1026,2020-04-15 16:50:01,2020-04-15 19:00:48
1026,2020-04-15 19:46:50,2020-04-15 20:36:15
1026,2020-04-15 20:36:44,2020-04-15 21:12:00
1026,2020-04-15 21:12:56,2020-04-15 21:13:01
1026,2020-04-16 09:57:08,2020-04-16 11:40:59
1026,2020-04-16 13:46:49,2020-04-16 14:36:01
1026,2020-04-16 14:37:10,2020-04-16 14:38:13
1026,2020-04-16 14:46:08,2020-04-16 15:05:13
1026,2020-04-16 15:06:29,2020-04-16 15:40:18
1026,2020-04-16 15:40:42,2020-04-16 16:40:25
1026,2020-04-16 17:38:12,2020-04-16 18:39:10
1026,2020-04-16 18:39:30,2020-04-16 18:59:22
1026,2020-04-17 09:07:49,2020-04-17 10:21:14
1026,2020-04-17 10:22:57,2020-04-17 10:44:59
1026,2020-04-17 10:45:26,2020-04-17 11:17:04
1026,2020-04-17 11:17:41,2020-04-17 12:02:43
1026,2020-04-17 12:26:16,2020-04-17 13:21:18
1026,2020-04-17 14:09:00,2020-04-17 15:50:04
1026,2020-04-17 17:53:48,2020-04-17 18:09:21
1026,2020-04-18 09:56:17,2020-04-18 12:13:27
1026,2020-04-18 12:22:38,2020-04-18 12:45:56
1026,2020-04-18 12:46:32,2020-04-18 12:56:16
1026,2020-04-18 12:57:00,2020-04-18 16:14:02
1026,2020-04-18 17:50:08,2020-04-18 17:50:08
1026,2020-04-18 18:45:59,2020-04-18 19:02:04
1026,2020-04-19 10:49:47,2020-04-19 18:37:53
1026,2020-04-19 18:38:40,2020-04-19 19:21:26
1026,2020-04-19 19:22:25,2020-04-19 19:45:03
1026,2020-04-20 10:56:58,2020-04-20 11:07:43
1026,2020-04-20 12:45:11,2020-04-20 12:45:11
1026,2020-04-20 13:19:13,2020-04-20 15:07:40
1026,2020-04-20 15:18:43,2020-04-20 19:08:52
1026,2020-04-21 11:13:02,2020-04-21 11:28:02
1026,2020-04-21 11:29:55,2020-04-21 17:30:27
1026,2020-04-21 19:43:56,2020-04-21 20:10:49
1026,2020-04-22 12:28:56,2020-04-22 12:38:18
1027,2020-04-14 11:50:30,2020-04-14 11:56:02
1027,2020-04-14 11:56:35,2020-04-14 12:18:38
1027,2020-04-14 12:25:42,2020-04-14 12:37:33
1027,2020-04-14 12:38:01,2020-04-14 12:40:04
1027,2020-04-14 12:42:14,2020-04-14 12:55:32
1027,2020-04-14 13:25:20,2020-04-14 14:50:49
1027,2020-04-14 14:51:19,2020-04-14 14:53:18
1027,2020-04-14 14:53:49,2020-04-14 15:15:33
1027,2020-04-14 15:17:36,2020-04-14 15:21:04
1027,2020-04-14 15:21:34,2020-04-14 15:32:15
1027,2020-04-14 15:32:43,2020-04-14 16:47:57
1027,2020-04-14 17:28:20,2020-04-14 18:28:13
1027,2020-04-14 19:43:16,2020-04-14 20:52:33
1027,2020-04-15 11:19:14,2020-04-15 11:40:16
1027,2020-04-15 11:40:47,2020-04-15 12:32:54
1027,2020-04-15 12:33:29,2020-04-15 12:34:12
1027,2020-04-15 12:35:27,2020-04-15 12:37:49
1027,2020-04-15 12:38:38,2020-04-15 12:41:29
1027,2020-04-15 12:42:05,2020-04-15 14:33:17
1027,2020-04-15 14:49:16,2020-04-15 17:18:33
1027,2020-04-15 17:32:39,2020-04-15 17:34:41
1027,2020-04-15 17:36:04,2020-04-15 17:39:26
1027,2020-04-15 17:40:02,2020-04-15 17:41:53
1027,2020-04-15 17:44:33,2020-04-15 19:02:48
1027,2020-04-15 19:56:37,2020-04-15 20:31:12
1028,2020-04-14 09:10:49,2020-04-14 18:16:02
1028,2020-04-15 09:08:00,2020-04-15 13:40:47
1028,2020-04-15 13:41:18,2020-04-15 18:22:52
1028,2020-04-16 09:29:35,2020-04-16 11:29:22
1028,2020-04-16 14:16:55,2020-04-16 18:42:37
1028,2020-04-17 09:20:00,2020-04-17 15:42:01
1028,2020-04-17 15:42:48,2020-04-17 15:50:58
1028,2020-04-17 15:51:29,2020-04-17 18:36:11
1028,2020-04-18 09:09:39,2020-04-18 11:51:16
1028,2020-04-18 11:51:52,2020-04-18 15:00:55
1028,2020-04-18 15:23:23,2020-04-18 15:25:06
1028,2020-04-18 15:35:56,2020-04-18 15:37:04
1028,2020-04-18 15:46:48,2020-04-18 17:22:10
1028,2020-04-19 09:11:17,2020-04-19 11:46:19
1028,2020-04-19 11:48:47,2020-04-19 11:59:11
1028,2020-04-19 11:59:29,2020-04-19 13:44:36
1028,2020-04-19 13:45:39,2020-04-19 18:31:19
1028,2020-04-21 09:13:10,2020-04-21 09:51:48
1028,2020-04-21 09:55:30,2020-04-21 12:21:52
1028,2020-04-21 12:23:41,2020-04-21 12:25:53
1028,2020-04-21 12:26:13,2020-04-21 18:30:16
1028,2020-04-22 09:15:35,2020-04-22 11:18:16
1028,2020-04-22 11:30:10,2020-04-22 18:45:27
1030,2020-04-15 09:00:44,2020-04-15 10:23:05
1030,2020-04-15 10:23:38,2020-04-15 10:25:10
1030,2020-04-15 10:27:52,2020-04-15 12:04:37
1030,2020-04-15 12:05:04,2020-04-15 14:01:50
1030,2020-04-15 14:02:35,2020-04-15 14:23:28
1030,2020-04-15 14:24:53,2020-04-15 16:01:08
1030,2020-04-15 16:01:50,2020-04-15 16:33:44
1030,2020-04-15 16:34:12,2020-04-15 17:17:08
1030,2020-04-15 17:17:33,2020-04-15 17:45:06
1030,2020-04-15 17:46:07,2020-04-15 17:51:06
1030,2020-04-15 17:51:33,2020-04-15 18:48:43
1030,2020-04-16 09:02:11,2020-04-16 11:32:12
1030,2020-04-16 13:45:44,2020-04-16 19:00:21
1030,2020-04-17 09:01:19,2020-04-17 12:50:01
1030,2020-04-17 12:50:22,2020-04-17 14:49:09
1030,2020-04-17 14:49:48,2020-04-17 15:51:01
1030,2020-04-17 16:10:09,2020-04-17 17:02:29
1030,2020-04-17 17:02:55,2020-04-17 18:12:54
1030,2020-04-18 09:00:49,2020-04-18 09:15:37
1030,2020-04-18 09:16:02,2020-04-18 11:19:21
1030,2020-04-18 11:26:48,2020-04-18 14:24:18
1030,2020-04-18 14:24:47,2020-04-18 16:43:02
1030,2020-04-18 16:43:26,2020-04-18 18:04:54
1030,2020-04-19 09:01:12,2020-04-19 11:11:41
1030,2020-04-19 11:12:06,2020-04-19 13:22:38
1030,2020-04-19 13:23:05,2020-04-19 15:31:15
1030,2020-04-19 15:32:51,2020-04-19 17:10:05
1030,2020-04-19 17:10:32,2020-04-19 17:28:59
1030,2020-04-19 17:31:23,2020-04-19 18:40:27
1030,2020-04-20 09:06:49,2020-04-20 09:20:19
1030,2020-04-20 09:20:59,2020-04-20 11:20:50
1030,2020-04-20 11:21:19,2020-04-20 12:39:37
1030,2020-04-20 12:51:10,2020-04-20 12:55:44
1030,2020-04-20 12:59:33,2020-04-20 15:37:56
1030,2020-04-20 15:38:36,2020-04-20 15:55:11
1030,2020-04-20 15:55:35,2020-04-20 16:02:50
1030,2020-04-20 16:03:14,2020-04-20 17:45:47
1030,2020-04-20 17:46:10,2020-04-20 18:56:35
1030,2020-04-21 08:58:55,2020-04-21 11:35:07
1030,2020-04-21 11:35:35,2020-04-21 13:08:18
1030,2020-04-21 13:08:49,2020-04-21 14:06:11
1030,2020-04-21 14:06:57,2020-04-21 14:15:50
1030,2020-04-21 14:16:12,2020-04-21 14:28:16
1030,2020-04-21 14:30:09,2020-04-21 16:08:42
1030,2020-04-21 16:09:04,2020-04-21 16:24:04
1030,2020-04-21 16:26:35,2020-04-21 16:28:47
1030,2020-04-21 16:32:03,2020-04-21 18:07:19
1031,2020-04-18 06:38:03,2020-04-18 08:25:18
1031,2020-04-18 08:27:16,2020-04-18 09:09:42
1031,2020-04-18 09:11:15,2020-04-18 09:22:14
1031,2020-04-20 07:05:32,2020-04-20 10:31:50
1031,2020-04-20 10:32:09,2020-04-20 11:08:51
1031,2020-04-20 11:51:41,2020-04-20 12:44:47
1031,2020-04-20 12:53:38,2020-04-20 12:55:44
1031,2020-04-20 16:42:07,2020-04-20 17:16:48
1031,2020-04-20 17:17:09,2020-04-20 17:59:54
1031,2020-04-21 08:41:23,2020-04-21 09:43:09
1031,2020-04-21 09:45:29,2020-04-21 10:26:57
1031,2020-04-21 10:36:40,2020-04-21 12:16:08
1031,2020-04-22 08:29:01,2020-04-22 11:27:51
1032,2020-04-14 09:52:26,2020-04-14 11:02:41
1032,2020-04-14 11:04:03,2020-04-14 12:58:22
1032,2020-04-14 13:09:19,2020-04-14 13:18:00
1032,2020-04-14 13:20:07,2020-04-14 15:21:19
1032,2020-04-14 15:31:45,2020-04-14 15:32:03
1032,2020-04-14 15:32:52,2020-04-14 17:10:24
1032,2020-04-14 17:14:00,2020-04-14 18:12:51
1032,2020-04-14 18:13:35,2020-04-14 19:18:45
1032,2020-04-15 09:21:01,2020-04-15 12:23:00
1032,2020-04-15 12:31:40,2020-04-15 15:39:54
1032,2020-04-15 15:42:27,2020-04-15 17:53:26
1032,2020-04-15 17:56:36,2020-04-15 18:39:45
1032,2020-04-16 09:13:52,2020-04-16 11:06:58
1032,2020-04-16 13:42:28,2020-04-16 14:41:42
1032,2020-04-16 14:51:46,2020-04-16 17:37:16
1032,2020-04-16 17:58:48,2020-04-16 18:44:50
1032,2020-04-18 09:25:06,2020-04-18 11:15:20
1032,2020-04-18 11:23:29,2020-04-18 11:24:42
1032,2020-04-18 11:54:28,2020-04-18 14:29:49
1032,2020-04-18 14:37:28,2020-04-18 15:10:20
1032,2020-04-18 15:10:57,2020-04-18 17:57:45
1032,2020-04-18 18:11:52,2020-04-18 18:37:00
1032,2020-04-19 10:32:09,2020-04-19 10:34:04
1032,2020-04-19 10:34:40,2020-04-19 12:42:23
1032,2020-04-19 12:42:48,2020-04-19 15:11:24
1032,2020-04-19 15:39:18,2020-04-19 20:00:35
1032,2020-04-20 09:13:54,2020-04-20 12:36:51
1032,2020-04-20 12:59:53,2020-04-20 13:08:26
1032,2020-04-20 13:08:56,2020-04-20 13:12:48
1032,2020-04-20 13:13:14,2020-04-20 13:38:56
1032,2020-04-20 14:09:57,2020-04-20 16:57:19
1032,2020-04-20 17:04:19,2020-04-20 18:03:26
1032,2020-04-22 08:58:54,2020-04-22 09:59:43
1032,2020-04-22 10:01:28,2020-04-22 14:26:13
1032,2020-04-22 14:26:39,2020-04-22 17:14:31
1032,2020-04-22 17:14:58,2020-04-22 18:20:07
1033,2020-04-14 10:56:48,2020-04-14 11:21:56
1033,2020-04-14 11:24:53,2020-04-14 14:36:05
1033,2020-04-14 14:47:32,2020-04-14 14:50:32
1033,2020-04-14 14:53:39,2020-04-14 15:50:33
1033,2020-04-14 17:45:37,2020-04-14 21:01:01
1033,2020-04-15 11:28:51,2020-04-15 13:42:03
1033,2020-04-15 14:15:19,2020-04-15 19:14:04
1033,2020-04-15 19:14:45,2020-04-15 20:29:18
1033,2020-04-16 14:21:57,2020-04-16 15:02:38
1033,2020-04-16 15:03:19,2020-04-16 15:07:23
1033,2020-04-16 15:11:04,2020-04-16 17:10:57
1033,2020-04-16 18:06:25,2020-04-16 18:09:36
1033,2020-04-16 18:10:06,2020-04-16 19:02:14
1033,2020-04-16 19:05:43,2020-04-16 19:56:36
1033,2020-04-17 11:05:46,2020-04-17 12:12:50
1033,2020-04-17 12:13:27,2020-04-17 12:56:02
1033,2020-04-17 13:43:23,2020-04-17 14:04:43
1033,2020-04-17 14:07:44,2020-04-17 14:13:47
1033,2020-04-17 14:16:38,2020-04-17 14:32:44
1033,2020-04-17 14:33:26,2020-04-17 15:19:52
1033,2020-04-17 15:21:50,2020-04-17 15:26:44
1033,2020-04-17 15:27:36,2020-04-17 15:53:47
1033,2020-04-17 15:54:47,2020-04-17 16:35:30
1033,2020-04-17 16:44:56,2020-04-17 18:45:43
1033,2020-04-17 18:46:37,2020-04-17 18:59:31
1033,2020-04-17 19:00:59,2020-04-17 20:29:08
1033,2020-04-18 11:39:46,2020-04-18 14:34:24
1033,2020-04-18 14:35:10,2020-04-18 17:47:41
1033,2020-04-18 19:30:20,2020-04-18 19:58:39
1033,2020-04-20 12:03:44,2020-04-20 12:45:37
1033,2020-04-20 12:57:43,2020-04-20 14:17:34
1033,2020-04-20 16:21:25,2020-04-20 16:26:47
1033,2020-04-20 16:31:27,2020-04-20 21:01:19
1033,2020-04-21 11:27:09,2020-04-21 12:56:24
1033,2020-04-21 13:55:55,2020-04-21 20:41:19
1033,2020-04-22 11:54:05,2020-04-22 14:38:57
1033,2020-04-22 14:39:58,2020-04-22 15:10:04
1033,2020-04-22 15:13:16,2020-04-22 15:14:01
1033,2020-04-22 16:10:02,2020-04-22 20:27:47
1034,2020-04-14 11:13:23,2020-04-14 20:16:55
1034,2020-04-15 10:22:41,2020-04-15 14:29:36
1034,2020-04-15 14:49:38,2020-04-15 20:11:26
1034,2020-04-16 14:11:26,2020-04-16 16:12:32
1034,2020-04-16 16:33:22,2020-04-16 21:16:36
1034,2020-04-17 11:45:54,2020-04-17 13:53:08
1034,2020-04-17 13:53:57,2020-04-17 20:38:37
1034,2020-04-18 11:01:27,2020-04-18 16:59:26
1034,2020-04-18 17:00:19,2020-04-18 17:55:35
1034,2020-04-18 18:01:33,2020-04-18 18:01:33
1034,2020-04-18 18:09:05,2020-04-18 20:46:30
1034,2020-04-19 11:04:25,2020-04-19 14:15:39
1034,2020-04-19 14:30:25,2020-04-19 21:08:46
1034,2020-04-20 11:04:23,2020-04-20 12:42:15
1034,2020-04-20 12:51:12,2020-04-20 12:55:44
1034,2020-04-20 12:56:47,2020-04-20 13:01:29
1034,2020-04-20 13:02:02,2020-04-20 21:00:07
1034,2020-04-22 11:04:52,2020-04-22 17:55:31
1034,2020-04-22 18:44:17,2020-04-22 21:24:54
1001,2020-04-01 09:45:26,2020-04-01 14:35:17
1001,2020-04-01 14:48:58,2020-04-01 14:57:54
1001,2020-04-01 14:58:35,2020-04-01 15:41:52
1001,2020-04-01 15:47:06,2020-04-01 17:13:02
1001,2020-04-01 17:18:51,2020-04-01 17:31:46
1001,2020-04-01 17:32:07,2020-04-01 18:40:31
1001,2020-04-05 13:43:28,2020-04-05 13:43:36
1001,2020-04-06 10:02:55,2020-04-06 11:57:24
1001,2020-04-06 11:58:39,2020-04-06 12:23:58
1001,2020-04-06 12:40:55,2020-04-06 15:11:33
1001,2020-04-06 15:13:20,2020-04-06 15:14:24
1001,2020-04-06 15:33:26,2020-04-06 15:56:22
1001,2020-04-06 16:00:14,2020-04-06 16:49:25
1001,2020-04-06 16:51:35,2020-04-06 18:49:18
1001,2020-04-07 09:55:11,2020-04-07 13:31:51
1001,2020-04-07 13:32:09,2020-04-07 14:02:02
1001,2020-04-07 14:02:49,2020-04-07 14:30:37
1001,2020-04-07 14:32:32,2020-04-07 15:31:30
1001,2020-04-07 15:32:16,2020-04-07 18:43:19
1001,2020-04-10 09:51:25,2020-04-10 11:44:06
1001,2020-04-10 12:21:07,2020-04-10 12:32:07
1001,2020-04-10 12:43:40,2020-04-10 15:45:59
1001,2020-04-10 15:47:45,2020-04-10 18:44:56
1001,2020-04-11 10:00:07,2020-04-11 16:19:29
1001,2020-04-11 16:21:08,2020-04-11 16:23:50
1001,2020-04-11 16:24:04,2020-04-11 17:02:06
1001,2020-04-11 17:44:24,2020-04-11 18:01:47
1001,2020-04-11 18:19:46,2020-04-11 19:01:42
1001,2020-04-12 11:11:40,2020-04-12 13:31:33
1001,2020-04-12 13:32:08,2020-04-12 13:58:55
1001,2020-04-12 14:01:25,2020-04-12 18:43:51
1001,2020-04-13 09:40:01,2020-04-13 12:25:29
1001,2020-04-13 12:26:05,2020-04-13 14:28:03
1001,2020-04-13 14:28:31,2020-04-13 16:13:03
1001,2020-04-13 16:14:28,2020-04-13 17:57:09
1001,2020-04-13 17:57:26,2020-04-13 18:42:58
1002,2020-04-01 09:16:36,2020-04-01 12:37:07
1002,2020-04-01 12:39:29,2020-04-01 13:58:19
1002,2020-04-01 13:58:38,2020-04-01 14:45:05
1002,2020-04-01 14:45:26,2020-04-01 15:58:18
1002,2020-04-01 16:00:41,2020-04-01 18:15:03
1002,2020-04-02 09:14:29,2020-04-02 18:15:06
1002,2020-04-03 09:14:56,2020-04-03 12:14:08
1002,2020-04-03 12:15:18,2020-04-03 13:18:11
1002,2020-04-03 13:18:31,2020-04-03 15:07:40
1002,2020-04-03 15:12:48,2020-04-03 15:23:25
1002,2020-04-03 15:25:33,2020-04-03 17:15:05
1002,2020-04-03 17:19:50,2020-04-03 18:05:25
1002,2020-04-05 09:20:55,2020-04-05 18:36:27
1002,2020-04-06 09:09:49,2020-04-06 11:22:48
1002,2020-04-06 11:23:05,2020-04-06 15:14:24
1002,2020-04-06 15:17:19,2020-04-06 15:17:19
1002,2020-04-06 15:59:30,2020-04-06 17:38:56
1002,2020-04-06 17:39:18,2020-04-06 17:51:59
1002,2020-04-06 17:52:24,2020-04-06 17:58:22
1002,2020-04-06 17:58:55,2020-04-06 18:11:48
1002,2020-04-07 09:37:33,2020-04-07 14:01:08
1002,2020-04-07 14:03:01,2020-04-07 17:53:16
1002,2020-04-07 17:53:44,2020-04-07 18:35:06
1002,2020-04-08 09:14:22,2020-04-08 09:16:53
1002,2020-04-08 09:17:30,2020-04-08 18:09:21
1002,2020-04-09 09:10:43,2020-04-09 16:04:55
1002,2020-04-09 16:19:29,2020-04-09 16:25:16
1002,2020-04-09 16:25:31,2020-04-09 18:05:41
1002,2020-04-10 09:10:08,2020-04-10 12:01:20
1002,2020-04-10 12:01:58,2020-04-10 12:20:59
1002,2020-04-10 12:21:43,2020-04-10 12:43:44
1002,2020-04-10 12:44:06,2020-04-10 15:18:26
1002,2020-04-10 16:22:35,2020-04-10 18:07:28
1002,2020-04-12 09:06:30,2020-04-12 10:05:57
1002,2020-04-12 10:06:35,2020-04-12 12:45:12
1002,2020-04-12 12:46:53,2020-04-12 14:49:36
1002,2020-04-12 14:59:26,2020-04-12 17:18:40
1002,2020-04-12 17:19:00,2020-04-12 18:04:34
1002,2020-04-13 09:11:17,2020-04-13 09:36:03
1002,2020-04-13 09:36:24,2020-04-13 10:20:10
1002,2020-04-13 10:20:24,2020-04-13 10:22:30
1002,2020-04-13 10:22:58,2020-04-13 12:26:34
1002,2020-04-13 14:11:59,2020-04-13 18:10:59
1003,2020-04-01 09:19:03,2020-04-01 12:01:44
1003,2020-04-01 12:13:14,2020-04-01 12:16:15
1003,2020-04-01 12:23:43,2020-04-01 13:14:56
1003,2020-04-01 13:38:08,2020-04-01 14:27:10
1003,2020-04-01 14:27:34,2020-04-01 14:27:51
1003,2020-04-01 14:35:21,2020-04-01 14:54:49
1003,2020-04-01 15:03:36,2020-04-01 16:18:03
1003,2020-04-01 17:04:15,2020-04-01 17:06:11
1003,2020-04-02 09:10:08,2020-04-02 09:49:15
1003,2020-04-02 10:58:04,2020-04-02 13:33:06
1003,2020-04-02 13:52:03,2020-04-02 14:02:33
1003,2020-04-02 14:26:43,2020-04-02 14:27:55
1003,2020-04-02 15:05:57,2020-04-02 15:22:47
1003,2020-04-02 15:35:47,2020-04-02 16:31:21
1003,2020-04-02 17:01:46,2020-04-02 17:05:30
1003,2020-04-02 17:11:36,2020-04-02 17:13:51
1003,2020-04-02 17:16:00,2020-04-02 17:59:49
1003,2020-04-02 18:39:32,2020-04-02 18:40:53
1003,2020-04-03 09:01:37,2020-04-03 09:47:58
1003,2020-04-03 09:48:17,2020-04-03 12:06:58
1003,2020-04-03 12:31:04,2020-04-03 14:45:54
1003,2020-04-03 14:52:40,2020-04-03 15:23:26
1003,2020-04-03 16:03:58,2020-04-03 16:55:42
1003,2020-04-03 16:56:16,2020-04-03 17:15:05
1003,2020-04-03 18:03:31,2020-04-03 18:16:57
1003,2020-04-03 18:17:43,2020-04-03 18:20:08
1003,2020-04-05 09:45:32,2020-04-05 10:45:21
1003,2020-04-05 11:09:39,2020-04-05 11:21:32
1003,2020-04-05 11:21:53,2020-04-05 11:41:09
1003,2020-04-05 11:41:39,2020-04-05 11:59:56
1003,2020-04-05 13:43:41,2020-04-05 15:08:44
1003,2020-04-05 15:47:26,2020-04-05 19:26:50
1003,2020-04-06 09:00:35,2020-04-06 11:29:40
1003,2020-04-06 11:55:41,2020-04-06 12:47:21
1003,2020-04-06 12:47:43,2020-04-06 15:14:24
1003,2020-04-06 16:21:15,2020-04-06 17:18:17
1003,2020-04-06 17:18:45,2020-04-06 18:04:58
1003,2020-04-06 18:05:49,2020-04-06 19:05:08
1003,2020-04-06 19:11:21,2020-04-06 19:41:05
1003,2020-04-07 09:10:35,2020-04-07 09:36:00
1003,2020-04-07 09:36:22,2020-04-07 11:23:28
1003,2020-04-07 11:23:56,2020-04-07 13:26:04
1003,2020-04-07 13:26:54,2020-04-07 14:01:44
1003,2020-04-07 14:04:22,2020-04-07 15:05:32
1003,2020-04-07 15:15:49,2020-04-07 16:37:48
1003,2020-04-07 16:38:14,2020-04-07 16:48:24
1003,2020-04-07 16:49:34,2020-04-07 17:23:28
1003,2020-04-07 17:23:55,2020-04-07 17:29:51
1003,2020-04-07 17:31:52,2020-04-07 18:31:55
1003,2020-04-08 09:14:56,2020-04-08 10:14:42
1003,2020-04-08 10:43:27,2020-04-08 14:25:17
1003,2020-04-08 14:51:20,2020-04-08 15:50:42
1003,2020-04-08 16:11:32,2020-04-08 18:31:00
1003,2020-04-09 09:05:17,2020-04-09 11:45:39
1003,2020-04-09 11:46:19,2020-04-09 12:45:50
1003,2020-04-09 13:18:47,2020-04-09 14:20:49
1003,2020-04-09 14:21:27,2020-04-09 15:20:44
1003,2020-04-09 15:21:20,2020-04-09 16:04:55
1003,2020-04-09 16:53:41,2020-04-09 18:20:23
1003,2020-04-10 08:59:55,2020-04-10 11:46:41
1003,2020-04-10 11:54:30,2020-04-10 13:48:11
1003,2020-04-10 14:09:01,2020-04-10 15:12:51
1003,2020-04-10 15:14:29,2020-04-10 16:02:19
1003,2020-04-10 16:02:39,2020-04-10 18:18:38
1003,2020-04-10 18:20:13,2020-04-10 18:30:04
1003,2020-04-11 09:28:13,2020-04-11 10:52:02
1003,2020-04-11 10:53:21,2020-04-11 12:50:20
1003,2020-04-11 12:50:56,2020-04-11 14:37:36
1003,2020-04-11 14:38:07,2020-04-11 15:37:46
1003,2020-04-11 16:03:10,2020-04-11 16:47:52
1003,2020-04-11 16:48:18,2020-04-11 17:38:48
1003,2020-04-11 17:39:05,2020-04-11 18:09:25
1003,2020-04-11 18:09:48,2020-04-11 18:40:05
1003,2020-04-13 08:57:23,2020-04-13 10:54:05
1003,2020-04-13 10:54:44,2020-04-13 13:42:17
1003,2020-04-13 14:58:12,2020-04-13 15:58:11
1003,2020-04-13 16:14:27,2020-04-13 17:14:04
1003,2020-04-13 17:30:46,2020-04-13 18:05:30
1005,2020-04-02 12:02:11,2020-04-02 12:02:21
1005,2020-04-02 12:28:06,2020-04-02 12:48:22
1005,2020-04-02 14:51:56,2020-04-02 18:15:27
1005,2020-04-02 18:17:40,2020-04-02 21:03:36
1005,2020-04-03 12:08:52,2020-04-03 14:33:17
1005,2020-04-03 14:51:09,2020-04-03 15:23:24
1005,2020-04-03 15:51:39,2020-04-03 17:15:05
1005,2020-04-03 17:27:12,2020-04-03 18:42:42
1005,2020-04-03 18:56:30,2020-04-03 21:11:52
1005,2020-04-04 12:21:52,2020-04-04 19:54:32
1005,2020-04-04 20:03:52,2020-04-04 21:03:17
1005,2020-04-05 12:02:55,2020-04-05 13:01:47
1005,2020-04-05 13:03:29,2020-04-05 13:09:49
1005,2020-04-05 13:10:50,2020-04-05 14:31:39
1005,2020-04-05 14:33:34,2020-04-05 19:07:54
1005,2020-04-05 20:02:59,2020-04-05 21:02:01
1005,2020-04-06 11:59:52,2020-04-06 14:47:12
1005,2020-04-06 14:48:21,2020-04-06 15:14:24
1005,2020-04-06 15:51:05,2020-04-06 15:54:06
1005,2020-04-06 16:00:35,2020-04-06 21:10:03
1005,2020-04-07 12:15:45,2020-04-07 13:59:42
1005,2020-04-07 14:15:00,2020-04-07 14:32:24
1005,2020-04-07 14:33:28,2020-04-07 21:32:58
1005,2020-04-08 12:07:37,2020-04-08 14:33:54
1005,2020-04-08 14:34:37,2020-04-08 21:21:13
1005,2020-04-09 12:03:35,2020-04-09 12:53:47
1005,2020-04-09 12:54:46,2020-04-09 16:04:55
1005,2020-04-09 16:17:41,2020-04-09 16:17:41
1005,2020-04-09 16:20:00,2020-04-09 18:07:22
1005,2020-04-09 18:08:10,2020-04-09 19:18:29
1005,2020-04-09 19:55:18,2020-04-09 21:30:27
1005,2020-04-10 12:00:02,2020-04-10 14:12:06
1005,2020-04-10 14:13:50,2020-04-10 14:46:06
1005,2020-04-10 14:46:38,2020-04-10 21:15:40
1005,2020-04-11 12:00:21,2020-04-11 15:30:03
1005,2020-04-11 15:35:46,2020-04-11 21:23:17
1005,2020-04-13 11:59:00,2020-04-13 12:06:40
1005,2020-04-13 12:33:26,2020-04-13 14:16:46
1005,2020-04-13 14:23:26,2020-04-13 18:53:12
1005,2020-04-13 19:00:09,2020-04-13 21:47:09
1006,2020-04-01 09:36:55,2020-04-01 09:41:51
1006,2020-04-01 09:48:30,2020-04-01 09:56:13
1006,2020-04-01 09:59:52,2020-04-01 10:01:59
1006,2020-04-01 10:05:00,2020-04-01 10:17:48
1006,2020-04-01 10:20:09,2020-04-01 10:21:17
1006,2020-04-01 11:12:20,2020-04-01 12:29:35
1006,2020-04-01 12:30:06,2020-04-01 12:51:32
1006,2020-04-01 12:51:53,2020-04-01 16:03:23
1006,2020-04-01 16:05:08,2020-04-01 17:07:57
1006,2020-04-01 17:08:18,2020-04-01 19:03:14
1006,2020-04-02 09:30:32,2020-04-02 11:04:56
1006,2020-04-02 11:06:42,2020-04-02 11:11:43
1006,2020-04-02 11:12:50,2020-04-02 11:12:55
1006,2020-04-02 11:13:24,2020-04-02 11:36:45
1006,2020-04-02 11:37:10,2020-04-02 13:45:46
1006,2020-04-02 14:23:49,2020-04-02 15:23:21
1006,2020-04-02 16:05:11,2020-04-02 18:42:34
1006,2020-04-03 09:33:06,2020-04-03 09:51:03
1006,2020-04-03 09:55:32,2020-04-03 09:55:36
1006,2020-04-03 10:06:39,2020-04-03 10:06:42
1006,2020-04-03 10:33:26,2020-04-03 12:05:05
1006,2020-04-03 12:05:32,2020-04-03 13:48:21
1006,2020-04-03 15:30:11,2020-04-03 16:38:55
1006,2020-04-03 16:39:21,2020-04-03 16:52:08
1006,2020-04-03 17:19:07,2020-04-03 19:33:05
1006,2020-04-04 08:49:03,2020-04-04 09:37:29
1006,2020-04-04 09:37:57,2020-04-04 09:38:01
1006,2020-04-04 09:38:29,2020-04-04 09:38:36
1006,2020-04-04 09:39:09,2020-04-04 09:47:49
1006,2020-04-04 09:48:24,2020-04-04 10:49:16
1006,2020-04-04 11:02:05,2020-04-04 11:21:34
1006,2020-04-04 11:21:55,2020-04-04 14:37:12
1006,2020-04-04 15:02:27,2020-04-04 15:19:45
1006,2020-04-04 15:20:20,2020-04-04 15:34:19
1006,2020-04-04 15:34:45,2020-04-04 16:47:41
1006,2020-04-04 16:48:05,2020-04-04 16:49:38
1006,2020-04-04 16:50:10,2020-04-04 17:21:53
1006,2020-04-04 17:22:13,2020-04-04 18:27:16
1006,2020-04-05 09:48:03,2020-04-05 09:48:07
1006,2020-04-05 09:50:11,2020-04-05 09:50:14
1006,2020-04-05 10:07:00,2020-04-05 11:12:24
1006,2020-04-05 11:12:43,2020-04-05 14:57:55
1006,2020-04-05 16:04:43,2020-04-05 18:21:47
1006,2020-04-06 08:44:04,2020-04-06 09:29:51
1006,2020-04-06 09:30:14,2020-04-06 10:33:17
1006,2020-04-06 10:44:52,2020-04-06 11:52:32
1006,2020-04-06 11:52:52,2020-04-06 12:24:56
1006,2020-04-06 12:25:17,2020-04-06 15:14:24
1006,2020-04-06 15:28:42,2020-04-06 15:28:42
1006,2020-04-06 16:04:50,2020-04-06 16:43:12
1006,2020-04-06 16:43:31,2020-04-06 18:12:47
1006,2020-04-06 18:13:19,2020-04-06 18:16:29
1006,2020-04-07 09:09:46,2020-04-07 10:09:54
1006,2020-04-07 12:35:52,2020-04-07 12:36:16
1006,2020-04-07 14:07:03,2020-04-07 15:58:44
1006,2020-04-07 15:59:06,2020-04-07 18:00:33
1006,2020-04-07 18:00:54,2020-04-07 19:00:25
1006,2020-04-08 08:52:44,2020-04-08 11:59:42
1006,2020-04-08 12:00:20,2020-04-08 12:56:24
1006,2020-04-08 13:34:12,2020-04-08 16:03:52
1006,2020-04-08 16:28:04,2020-04-08 19:06:10
1006,2020-04-11 10:08:56,2020-04-11 12:02:45
1006,2020-04-11 12:03:09,2020-04-11 13:53:06
1006,2020-04-11 14:02:48,2020-04-11 14:13:05
1006,2020-04-11 14:19:17,2020-04-11 18:25:00
1006,2020-04-11 18:25:28,2020-04-11 19:32:53
1006,2020-04-12 09:14:51,2020-04-12 10:44:26
1006,2020-04-12 10:44:49,2020-04-12 15:31:45
1006,2020-04-13 10:10:17,2020-04-13 11:52:21
1006,2020-04-13 11:52:51,2020-04-13 13:39:56
1006,2020-04-13 14:35:51,2020-04-13 16:16:55
1007,2020-04-01 11:55:58,2020-04-01 13:40:58
1007,2020-04-01 14:02:37,2020-04-01 15:35:24
1007,2020-04-01 16:11:01,2020-04-01 17:39:37
1007,2020-04-01 17:43:27,2020-04-01 18:16:40
1007,2020-04-01 18:18:08,2020-04-01 19:16:35
1007,2020-04-01 19:18:57,2020-04-01 19:33:17
1007,2020-04-01 20:06:07,2020-04-01 20:21:14
1007,2020-04-01 20:21:32,2020-04-01 21:02:21
1007,2020-04-02 11:54:38,2020-04-02 14:37:18
1007,2020-04-02 14:37:36,2020-04-02 16:01:07
1007,2020-04-02 16:18:51,2020-04-02 17:47:03
1007,2020-04-02 17:47:30,2020-04-02 18:10:01
1007,2020-04-02 18:10:30,2020-04-02 20:12:25
1007,2020-04-02 20:44:21,2020-04-02 20:57:09
1007,2020-04-02 21:00:47,2020-04-02 21:13:55
1007,2020-04-03 11:59:01,2020-04-03 14:25:24
1007,2020-04-03 14:26:03,2020-04-03 14:56:07
1007,2020-04-03 14:56:36,2020-04-03 15:26:52
1007,2020-04-03 15:27:12,2020-04-03 17:15:05
1007,2020-04-03 17:28:27,2020-04-03 17:45:33
1007,2020-04-03 18:28:27,2020-04-03 18:51:19
1007,2020-04-03 18:51:42,2020-04-03 22:08:47
1007,2020-04-04 11:56:54,2020-04-04 13:54:38
1007,2020-04-04 15:31:56,2020-04-04 17:43:05
1007,2020-04-04 17:43:23,2020-04-04 18:04:59
1007,2020-04-04 18:05:36,2020-04-04 21:00:37
1007,2020-04-05 12:09:41,2020-04-05 12:11:43
1007,2020-04-05 13:21:13,2020-04-05 13:31:33
1007,2020-04-05 16:04:53,2020-04-05 17:22:23
1007,2020-04-05 17:23:03,2020-04-05 21:10:44
1007,2020-04-06 12:03:50,2020-04-06 15:14:24
1007,2020-04-06 15:28:24,2020-04-06 15:40:45
1007,2020-04-06 16:18:03,2020-04-06 16:48:20
1007,2020-04-06 16:49:26,2020-04-06 19:31:24
1007,2020-04-06 19:33:50,2020-04-06 20:58:10
1007,2020-04-08 11:55:10,2020-04-08 17:10:36
1007,2020-04-08 17:46:55,2020-04-08 21:20:39
1007,2020-04-09 12:06:20,2020-04-09 12:12:48
1007,2020-04-09 12:14:08,2020-04-09 16:04:55
1007,2020-04-09 17:40:00,2020-04-09 19:19:34
1007,2020-04-09 19:38:36,2020-04-09 20:58:25
1007,2020-04-10 12:11:25,2020-04-10 14:26:29
1007,2020-04-10 14:27:15,2020-04-10 16:14:31
1007,2020-04-10 16:15:07,2020-04-10 18:07:49
1007,2020-04-10 18:08:30,2020-04-10 21:01:24
1007,2020-04-11 12:43:44,2020-04-11 14:13:12
1007,2020-04-11 14:30:50,2020-04-11 15:19:59
1007,2020-04-11 15:24:54,2020-04-11 15:35:00
1007,2020-04-11 16:45:30,2020-04-11 20:33:04
1007,2020-04-11 20:33:23,2020-04-11 22:03:36
1007,2020-04-12 12:10:44,2020-04-12 12:11:52
1007,2020-04-12 12:12:31,2020-04-12 12:20:32
1007,2020-04-12 13:01:13,2020-04-12 15:28:53
1007,2020-04-12 15:31:13,2020-04-12 21:03:28
1007,2020-04-13 12:08:49,2020-04-13 12:35:05
1007,2020-04-13 12:35:21,2020-04-13 13:59:23
1007,2020-04-13 14:35:25,2020-04-13 21:05:16
1008,2020-04-01 09:25:20,2020-04-01 13:09:17
1008,2020-04-01 13:34:20,2020-04-01 16:26:57
1008,2020-04-01 16:27:22,2020-04-01 18:05:08
1008,2020-04-01 18:05:34,2020-04-01 18:33:13
1008,2020-04-01 18:46:11,2020-04-01 18:52:09
1008,2020-04-02 09:20:19,2020-04-02 13:11:05
1008,2020-04-02 13:46:39,2020-04-02 14:39:23
1008,2020-04-02 15:59:46,2020-04-02 19:36:31
1008,2020-04-03 09:32:10,2020-04-03 14:24:28
1008,2020-04-03 15:17:34,2020-04-03 15:23:26
1008,2020-04-03 15:25:55,2020-04-03 17:15:05
1008,2020-04-03 17:25:15,2020-04-03 18:42:47
1008,2020-04-04 09:57:59,2020-04-04 13:28:29
1008,2020-04-04 13:28:45,2020-04-04 14:24:50
1008,2020-04-04 14:34:20,2020-04-04 15:39:29
1008,2020-04-04 15:44:51,2020-04-04 16:34:51
1008,2020-04-04 17:50:14,2020-04-04 20:06:24
1008,2020-04-05 09:42:20,2020-04-05 11:44:23
1008,2020-04-05 11:44:39,2020-04-05 19:33:03
1008,2020-04-06 09:55:20,2020-04-06 11:53:24
1008,2020-04-06 11:53:42,2020-04-06 12:58:07
1008,2020-04-06 12:59:07,2020-04-06 15:14:24
1008,2020-04-06 15:17:25,2020-04-06 15:17:25
1008,2020-04-06 16:00:07,2020-04-06 16:29:56
1008,2020-04-06 16:36:14,2020-04-06 17:19:58
1008,2020-04-06 17:26:40,2020-04-06 18:01:07
1008,2020-04-06 18:23:09,2020-04-06 19:15:36
1008,2020-04-07 09:40:56,2020-04-07 09:56:52
1008,2020-04-07 10:30:43,2020-04-07 11:36:27
1008,2020-04-07 11:36:57,2020-04-07 14:01:41
1008,2020-04-07 14:04:32,2020-04-07 18:15:40
1008,2020-04-07 18:17:46,2020-04-07 19:40:23
1008,2020-04-08 09:51:53,2020-04-08 15:40:28
1008,2020-04-08 15:41:20,2020-04-08 15:55:06
1008,2020-04-08 16:23:31,2020-04-08 19:58:39
1008,2020-04-09 09:59:10,2020-04-09 10:00:51
1008,2020-04-09 10:19:38,2020-04-09 14:55:30
1008,2020-04-09 15:25:03,2020-04-09 16:04:55
1008,2020-04-09 16:33:07,2020-04-09 17:44:19
1008,2020-04-09 19:19:18,2020-04-09 20:28:09
1008,2020-04-10 10:07:31,2020-04-10 10:15:20
1008,2020-04-10 10:33:00,2020-04-10 12:58:52
1008,2020-04-10 13:23:33,2020-04-10 16:32:46
1008,2020-04-10 16:58:42,2020-04-10 20:02:30
1008,2020-04-11 10:03:29,2020-04-11 10:06:28
1008,2020-04-11 10:24:38,2020-04-11 17:27:46
1008,2020-04-11 17:30:26,2020-04-11 19:03:30
1008,2020-04-11 19:11:33,2020-04-11 19:51:05
1008,2020-04-12 10:12:29,2020-04-12 10:15:14
1008,2020-04-12 10:49:10,2020-04-12 13:44:38
1008,2020-04-12 15:30:03,2020-04-12 20:24:50
1009,2020-04-02 09:30:45,2020-04-02 19:02:03
1009,2020-04-03 09:48:05,2020-04-03 17:15:05
1009,2020-04-03 17:28:56,2020-04-03 18:49:57
1009,2020-04-04 09:22:57,2020-04-04 18:25:48
1009,2020-04-05 09:21:43,2020-04-05 18:22:42
1009,2020-04-06 09:44:45,2020-04-06 15:14:24
1009,2020-04-06 16:15:19,2020-04-06 17:19:17
1009,2020-04-06 17:20:12,2020-04-06 18:47:20
1009,2020-04-08 09:22:38,2020-04-08 13:07:25
1009,2020-04-08 13:08:19,2020-04-08 15:23:52
1009,2020-04-08 15:26:53,2020-04-08 16:24:11
1009,2020-04-08 16:24:31,2020-04-08 18:21:53
1009,2020-04-09 09:19:41,2020-04-09 16:04:55
1009,2020-04-09 16:13:49,2020-04-09 16:13:59
1009,2020-04-09 16:25:24,2020-04-09 18:59:14
1009,2020-04-10 09:21:47,2020-04-10 14:15:30
1009,2020-04-10 14:15:46,2020-04-10 14:28:02
1009,2020-04-10 14:28:18,2020-04-10 14:57:53
1009,2020-04-10 14:58:09,2020-04-10 18:27:38
1009,2020-04-12 09:26:35,2020-04-12 09:28:38
1009,2020-04-12 09:29:33,2020-04-12 09:30:15
1009,2020-04-12 09:33:37,2020-04-12 18:30:15
1009,2020-04-13 09:17:33,2020-04-13 18:38:27
1010,2020-04-01 11:50:17,2020-04-01 12:46:23
1010,2020-04-01 12:46:43,2020-04-01 13:32:06
1010,2020-04-01 13:33:56,2020-04-01 16:25:35
1010,2020-04-02 12:22:49,2020-04-02 16:37:20
1010,2020-04-02 20:31:16,2020-04-02 21:03:46
1010,2020-04-03 11:57:43,2020-04-03 12:13:11
1010,2020-04-03 12:13:28,2020-04-03 13:39:40
1010,2020-04-03 13:39:56,2020-04-03 13:50:13
1010,2020-04-03 13:50:33,2020-04-03 14:31:55
1010,2020-04-03 14:32:08,2020-04-03 15:29:13
1010,2020-04-03 15:33:33,2020-04-03 17:15:05
1010,2020-04-03 18:35:37,2020-04-03 19:05:12
1010,2020-04-03 19:11:33,2020-04-03 20:36:40
1010,2020-04-03 20:38:33,2020-04-03 21:20:23
1010,2020-04-05 12:22:03,2020-04-05 13:07:16
1010,2020-04-05 13:07:32,2020-04-05 14:38:03
1010,2020-04-05 14:48:27,2020-04-05 16:01:52
1010,2020-04-06 12:14:53,2020-04-06 12:19:38
1010,2020-04-06 12:19:52,2020-04-06 13:46:29
1010,2020-04-06 13:47:09,2020-04-06 14:09:51
1010,2020-04-06 14:10:07,2020-04-06 14:23:29
1010,2020-04-06 14:25:36,2020-04-06 15:14:24
1010,2020-04-06 17:18:09,2020-04-06 18:17:37
1010,2020-04-06 20:20:22,2020-04-06 21:15:11
1010,2020-04-07 12:13:26,2020-04-07 12:58:25
1010,2020-04-07 12:58:41,2020-04-07 13:56:54
1010,2020-04-07 13:57:07,2020-04-07 13:57:17
1010,2020-04-07 14:55:12,2020-04-07 15:46:09
1010,2020-04-07 15:46:25,2020-04-07 17:16:16
1010,2020-04-07 18:50:23,2020-04-07 19:36:18
1010,2020-04-08 12:39:56,2020-04-08 13:09:48
1010,2020-04-08 13:10:11,2020-04-08 16:40:07
1010,2020-04-08 18:26:29,2020-04-08 19:39:22
1010,2020-04-08 19:39:38,2020-04-08 21:09:35
1010,2020-04-09 11:55:25,2020-04-09 13:40:22
1010,2020-04-09 16:02:00,2020-04-09 16:04:55
1010,2020-04-09 17:03:12,2020-04-09 18:33:08
1010,2020-04-09 20:46:34,2020-04-09 21:11:48
1010,2020-04-10 13:45:21,2020-04-10 16:45:01
1010,2020-04-10 19:32:48,2020-04-10 20:31:23
1010,2020-04-12 12:36:51,2020-04-12 14:03:23
1010,2020-04-13 12:31:14,2020-04-13 14:15:53
1011,2020-04-01 12:03:06,2020-04-01 13:18:21
1011,2020-04-01 13:19:06,2020-04-01 13:58:43
1011,2020-04-01 13:59:11,2020-04-01 14:43:42
1011,2020-04-01 14:43:59,2020-04-01 16:28:02
1011,2020-04-02 12:04:13,2020-04-02 16:08:20
1011,2020-04-02 16:09:13,2020-04-02 17:47:29
1011,2020-04-02 18:34:51,2020-04-02 19:29:55
1011,2020-04-02 19:54:24,2020-04-02 20:20:45
1011,2020-04-03 13:12:34,2020-04-03 15:10:02
1011,2020-04-03 15:12:33,2020-04-03 15:23:23
1011,2020-04-03 16:27:35,2020-04-03 17:15:05
1011,2020-04-03 17:37:46,2020-04-03 18:42:46
1011,2020-04-03 19:19:11,2020-04-03 21:23:45
1011,2020-04-04 12:12:35,2020-04-04 14:07:38
1011,2020-04-04 14:13:07,2020-04-04 17:05:32
1011,2020-04-04 17:26:47,2020-04-04 19:47:21
1011,2020-04-04 20:05:26,2020-04-04 21:13:54
1011,2020-04-05 12:45:20,2020-04-05 17:36:35
1011,2020-04-05 17:38:05,2020-04-05 21:50:40
1011,2020-04-06 12:13:24,2020-04-06 15:14:24
1011,2020-04-06 15:17:24,2020-04-06 15:42:09
1011,2020-04-06 16:16:36,2020-04-06 19:39:01
1011,2020-04-06 19:39:33,2020-04-06 20:03:55
1011,2020-04-06 20:20:51,2020-04-06 22:11:06
1011,2020-04-07 12:42:15,2020-04-07 12:57:37
1011,2020-04-07 14:06:09,2020-04-07 19:33:02
1011,2020-04-07 19:40:13,2020-04-07 21:48:19
1011,2020-04-09 12:23:58,2020-04-09 13:39:51
1011,2020-04-09 13:40:32,2020-04-09 14:36:46
1011,2020-04-09 14:37:29,2020-04-09 16:04:55
1011,2020-04-09 16:12:30,2020-04-09 16:12:30
1011,2020-04-09 16:19:30,2020-04-09 19:18:13
1011,2020-04-09 19:20:58,2020-04-09 21:20:37
1011,2020-04-09 21:22:56,2020-04-09 21:46:07
1011,2020-04-10 11:54:16,2020-04-10 14:41:33
1011,2020-04-10 14:48:24,2020-04-10 19:23:58
1011,2020-04-10 19:39:15,2020-04-10 21:20:55
1011,2020-04-11 11:59:43,2020-04-11 18:40:24
1011,2020-04-11 18:41:06,2020-04-11 19:22:11
1011,2020-04-11 19:24:01,2020-04-11 21:33:12
1011,2020-04-12 12:11:42,2020-04-12 20:08:36
1011,2020-04-12 20:10:05,2020-04-12 21:31:00
1011,2020-04-13 11:46:26,2020-04-13 12:49:52
1011,2020-04-13 12:51:23,2020-04-13 16:36:07
1011,2020-04-13 16:49:17,2020-04-13 19:36:38
1011,2020-04-13 19:37:06,2020-04-13 20:45:34
1013,2020-04-01 09:45:37,2020-04-01 10:41:02
1013,2020-04-01 10:41:45,2020-04-01 10:44:48
1013,2020-04-01 10:45:07,2020-04-01 11:33:50
1013,2020-04-01 11:34:10,2020-04-01 11:36:48
1013,2020-04-01 11:37:41,2020-04-01 12:10:18
1013,2020-04-01 12:10:39,2020-04-01 14:34:00
1013,2020-04-01 14:34:24,2020-04-01 14:52:18
1013,2020-04-01 15:18:11,2020-04-01 18:07:42
1013,2020-04-02 09:35:32,2020-04-02 12:39:00
1013,2020-04-02 12:39:47,2020-04-02 13:34:42
1013,2020-04-02 13:36:14,2020-04-02 13:47:44
1013,2020-04-02 13:50:46,2020-04-02 14:52:52
1013,2020-04-04 10:10:33,2020-04-04 14:05:10
1013,2020-04-04 16:36:06,2020-04-04 16:57:06
1013,2020-04-04 16:57:47,2020-04-04 17:09:50
1013,2020-04-04 17:11:02,2020-04-04 18:17:06
1013,2020-04-05 09:52:22,2020-04-05 18:03:18
1013,2020-04-06 09:43:43,2020-04-06 11:38:40
1013,2020-04-06 11:39:15,2020-04-06 15:14:24
1013,2020-04-06 15:54:02,2020-04-06 15:54:02
1013,2020-04-06 16:19:00,2020-04-06 18:35:58
1013,2020-04-07 09:36:50,2020-04-07 13:54:48
1013,2020-04-07 14:04:45,2020-04-07 17:55:44
1013,2020-04-07 17:58:03,2020-04-07 17:58:32
1013,2020-04-07 17:58:58,2020-04-07 18:14:41
1013,2020-04-08 09:19:55,2020-04-08 13:27:56
1013,2020-04-08 13:30:26,2020-04-08 13:33:26
1013,2020-04-08 13:34:36,2020-04-08 18:15:51
1013,2020-04-09 09:03:39,2020-04-09 13:04:00
1013,2020-04-09 14:22:31,2020-04-09 16:04:55
1013,2020-04-09 16:11:12,2020-04-09 16:18:10
1013,2020-04-09 16:20:18,2020-04-09 17:41:33
1013,2020-04-10 09:43:45,2020-04-10 14:10:31
1013,2020-04-10 15:56:45,2020-04-10 18:30:08
1013,2020-04-12 09:04:55,2020-04-12 09:31:42
1013,2020-04-12 09:32:41,2020-04-12 10:14:23
1013,2020-04-12 10:15:21,2020-04-12 13:54:51
1013,2020-04-12 14:32:47,2020-04-12 16:07:09
1013,2020-04-12 16:26:31,2020-04-12 17:52:28
1013,2020-04-13 09:04:05,2020-04-13 12:45:50
1013,2020-04-13 12:46:16,2020-04-13 18:25:01
1018,2020-04-02 11:48:26,2020-04-02 13:03:45
1018,2020-04-02 13:04:52,2020-04-02 14:43:13
1018,2020-04-02 14:43:37,2020-04-02 21:00:40
1018,2020-04-03 12:09:29,2020-04-03 15:23:37
1018,2020-04-03 15:28:13,2020-04-03 17:15:05
1018,2020-04-03 17:18:23,2020-04-03 18:42:40
1018,2020-04-03 18:51:41,2020-04-03 19:20:02
1018,2020-04-03 19:20:22,2020-04-03 20:03:34
1018,2020-04-03 20:03:54,2020-04-03 21:10:22
1018,2020-04-04 11:36:40,2020-04-04 13:36:29
1018,2020-04-04 13:37:07,2020-04-04 20:53:14
1018,2020-04-05 12:19:24,2020-04-05 21:23:38
1018,2020-04-06 11:50:55,2020-04-06 15:14:24
1018,2020-04-06 16:08:40,2020-04-06 17:40:05
1018,2020-04-06 17:46:37,2020-04-06 18:45:46
1018,2020-04-06 18:46:45,2020-04-06 20:39:57
1018,2020-04-07 12:00:40,2020-04-07 13:47:14
1018,2020-04-07 14:20:35,2020-04-07 15:14:04
1018,2020-04-07 15:14:23,2020-04-07 15:18:02
1018,2020-04-07 15:18:34,2020-04-07 15:32:54
1018,2020-04-07 16:24:39,2020-04-07 17:00:12
1018,2020-04-07 17:00:33,2020-04-07 17:29:40
1018,2020-04-07 17:30:11,2020-04-07 17:57:19
1018,2020-04-07 17:58:27,2020-04-07 19:51:30
1018,2020-04-07 19:55:51,2020-04-07 22:08:52
1018,2020-04-09 11:55:30,2020-04-09 12:42:11
1018,2020-04-09 12:42:31,2020-04-09 12:49:53
1018,2020-04-09 12:50:29,2020-04-09 13:23:44
1018,2020-04-09 13:28:31,2020-04-09 15:25:38
1018,2020-04-09 15:31:59,2020-04-09 15:57:37
1018,2020-04-09 15:58:56,2020-04-09 16:04:55
1018,2020-04-09 16:10:21,2020-04-09 16:16:03
1018,2020-04-09 16:27:32,2020-04-09 17:09:26
1018,2020-04-09 17:10:48,2020-04-09 17:56:27
1018,2020-04-09 17:56:49,2020-04-09 19:18:15
1018,2020-04-09 19:21:03,2020-04-09 21:18:14
1018,2020-04-10 10:28:50,2020-04-10 19:32:17
1018,2020-04-11 11:52:40,2020-04-11 21:01:28
1018,2020-04-12 11:24:11,2020-04-12 20:31:34
1018,2020-04-13 11:19:50,2020-04-13 16:15:17
1018,2020-04-13 16:48:13,2020-04-13 20:28:36
1019,2020-04-01 08:13:35,2020-04-01 12:03:45
1019,2020-04-01 12:04:05,2020-04-01 13:16:16
1019,2020-04-01 13:16:41,2020-04-01 18:13:30
1019,2020-04-02 09:16:06,2020-04-02 17:38:14
1019,2020-04-02 17:46:06,2020-04-02 18:12:32
1019,2020-04-04 08:44:28,2020-04-04 12:10:11
1019,2020-04-04 12:10:35,2020-04-04 15:12:11
1019,2020-04-04 16:10:34,2020-04-04 17:11:52
1019,2020-04-04 17:12:31,2020-04-04 17:58:36
1019,2020-04-05 08:45:14,2020-04-05 11:11:12
1019,2020-04-05 11:11:37,2020-04-05 11:57:23
1019,2020-04-05 12:04:29,2020-04-05 13:24:32
1019,2020-04-05 13:26:34,2020-04-05 15:46:00
1019,2020-04-05 16:49:14,2020-04-05 16:50:00
1019,2020-04-05 16:50:23,2020-04-05 18:13:45
1019,2020-04-05 18:15:21,2020-04-05 18:15:27
1019,2020-04-06 08:11:52,2020-04-06 08:33:08
1019,2020-04-06 09:46:49,2020-04-06 10:51:04
1019,2020-04-06 11:54:16,2020-04-06 15:14:24
1019,2020-04-06 16:11:48,2020-04-06 16:51:25
1019,2020-04-06 16:51:59,2020-04-06 18:06:19
1019,2020-04-07 08:38:55,2020-04-07 12:24:16
1019,2020-04-07 12:49:00,2020-04-07 13:38:35
1019,2020-04-07 14:04:15,2020-04-07 15:43:02
1019,2020-04-07 15:45:35,2020-04-07 16:19:51
1019,2020-04-07 16:28:01,2020-04-07 18:16:46
1019,2020-04-07 18:18:59,2020-04-07 18:24:06
1019,2020-04-09 08:47:05,2020-04-09 11:45:12
1019,2020-04-09 11:45:37,2020-04-09 16:04:55
1019,2020-04-09 16:22:56,2020-04-09 18:03:08
1019,2020-04-10 08:45:02,2020-04-10 09:27:07
1019,2020-04-10 09:27:27,2020-04-10 13:06:30
1019,2020-04-10 13:07:38,2020-04-10 18:03:37
1019,2020-04-11 08:54:19,2020-04-11 18:00:13
1019,2020-04-12 08:56:09,2020-04-12 11:22:02
1019,2020-04-12 11:34:16,2020-04-12 15:02:43
1019,2020-04-12 15:04:46,2020-04-12 17:03:08
1019,2020-04-12 17:05:23,2020-04-12 18:07:14
1019,2020-04-13 09:04:18,2020-04-13 15:26:34
1019,2020-04-13 15:28:42,2020-04-13 18:36:15
1020,2020-04-01 12:08:49,2020-04-01 13:24:40
1020,2020-04-01 13:25:00,2020-04-01 19:26:00
1020,2020-04-01 19:29:31,2020-04-01 21:03:36
1020,2020-04-02 12:04:49,2020-04-02 15:46:08
1020,2020-04-02 15:46:33,2020-04-02 21:00:27
1020,2020-04-03 12:07:18,2020-04-03 12:20:40
1020,2020-04-03 12:23:02,2020-04-03 15:23:25
1020,2020-04-03 15:26:29,2020-04-03 17:15:05
1020,2020-04-03 17:20:26,2020-04-03 18:51:15
1020,2020-04-03 18:54:43,2020-04-03 19:53:22
1020,2020-04-03 20:05:35,2020-04-03 21:03:59
1020,2020-04-04 12:06:51,2020-04-04 12:18:10
1020,2020-04-04 12:18:42,2020-04-04 12:54:36
1020,2020-04-04 12:55:05,2020-04-04 14:23:42
1020,2020-04-04 14:24:18,2020-04-04 15:01:46
1020,2020-04-04 15:03:17,2020-04-04 16:08:30
1020,2020-04-04 16:09:06,2020-04-04 16:27:43
1020,2020-04-04 16:28:49,2020-04-04 16:35:43
1020,2020-04-04 16:36:10,2020-04-04 21:03:03
1020,2020-04-05 12:25:15,2020-04-05 19:33:21
1020,2020-04-05 19:33:44,2020-04-05 20:59:42
1020,2020-04-07 12:09:58,2020-04-07 12:32:08
1020,2020-04-07 12:32:42,2020-04-07 12:38:58
1020,2020-04-07 12:42:11,2020-04-07 13:56:12
1020,2020-04-07 14:14:21,2020-04-07 14:49:20
1020,2020-04-07 14:49:56,2020-04-07 18:58:22
1020,2020-04-07 19:29:48,2020-04-07 21:00:32
1020,2020-04-08 12:04:38,2020-04-08 12:09:55
1020,2020-04-08 12:10:21,2020-04-08 13:45:48
1020,2020-04-08 13:46:14,2020-04-08 20:33:31
1020,2020-04-08 20:34:06,2020-04-08 21:32:49
1020,2020-04-09 12:06:34,2020-04-09 16:04:55
1020,2020-04-09 16:12:54,2020-04-09 16:15:02
1020,2020-04-09 16:38:30,2020-04-09 18:54:28
1020,2020-04-09 18:54:57,2020-04-09 19:18:09
1020,2020-04-09 19:19:19,2020-04-09 20:01:57
1020,2020-04-10 12:05:34,2020-04-10 21:35:11
1020,2020-04-11 12:09:55,2020-04-11 21:00:34
1020,2020-04-12 12:08:35,2020-04-12 16:36:09
1020,2020-04-12 16:37:19,2020-04-12 17:31:28
1020,2020-04-12 17:32:30,2020-04-12 21:05:41
1020,2020-04-13 12:03:04,2020-04-13 16:25:40
1020,2020-04-13 16:44:17,2020-04-13 17:20:04
1020,2020-04-13 17:20:33,2020-04-13 21:00:39
1021,2020-04-02 09:19:02,2020-04-02 09:53:31
1021,2020-04-02 09:54:03,2020-04-02 09:56:43
1021,2020-04-02 09:57:14,2020-04-02 11:48:34
1021,2020-04-02 11:54:12,2020-04-02 12:57:06
1021,2020-04-02 12:58:21,2020-04-02 13:04:40
1021,2020-04-02 13:05:24,2020-04-02 18:42:13
1021,2020-04-03 09:48:03,2020-04-03 11:28:22
1021,2020-04-03 11:28:49,2020-04-03 14:18:52
1021,2020-04-03 15:25:00,2020-04-03 17:15:05
1021,2020-04-03 17:37:54,2020-04-03 17:56:53
1021,2020-04-03 17:57:19,2020-04-03 18:04:17
1021,2020-04-03 18:05:28,2020-04-03 18:42:45
1021,2020-04-03 18:43:10,2020-04-03 19:02:11
1021,2020-04-04 09:09:21,2020-04-04 09:46:08
1021,2020-04-04 09:48:21,2020-04-04 10:50:26
1021,2020-04-04 10:57:32,2020-04-04 12:29:30
1021,2020-04-04 12:30:23,2020-04-04 13:34:53
1021,2020-04-04 13:35:35,2020-04-04 17:12:39
1021,2020-04-04 17:13:12,2020-04-04 17:57:58
1021,2020-04-05 09:19:12,2020-04-05 10:36:11
1021,2020-04-05 10:38:17,2020-04-05 10:45:55
1021,2020-04-05 10:49:56,2020-04-05 10:55:28
1021,2020-04-05 10:55:47,2020-04-05 12:11:33
1021,2020-04-05 12:12:15,2020-04-05 13:19:37
1021,2020-04-05 13:19:56,2020-04-05 13:28:46
1021,2020-04-05 13:35:28,2020-04-05 13:48:21
1021,2020-04-05 13:49:20,2020-04-05 14:26:04
1021,2020-04-05 14:43:24,2020-04-05 14:47:28
1021,2020-04-05 14:51:52,2020-04-05 15:06:57
1021,2020-04-05 15:10:28,2020-04-05 16:15:21
1021,2020-04-05 16:16:26,2020-04-05 17:11:08
1021,2020-04-05 17:11:42,2020-04-05 17:50:14
1021,2020-04-05 17:50:38,2020-04-05 18:47:52
1021,2020-04-06 08:54:35,2020-04-06 10:54:31
1021,2020-04-06 10:54:59,2020-04-06 11:19:53
1021,2020-04-06 11:22:09,2020-04-06 11:24:03
1021,2020-04-06 11:24:30,2020-04-06 11:31:24
1021,2020-04-06 11:31:52,2020-04-06 12:35:48
1021,2020-04-06 12:36:51,2020-04-06 15:14:24
1021,2020-04-06 15:21:45,2020-04-06 15:46:48
1021,2020-04-06 16:03:01,2020-04-06 18:41:19
1021,2020-04-07 09:29:25,2020-04-07 13:50:21
1021,2020-04-07 13:50:49,2020-04-07 13:50:49
1021,2020-04-07 14:09:09,2020-04-07 14:26:04
1021,2020-04-07 14:26:33,2020-04-07 15:42:21
1021,2020-04-07 15:43:21,2020-04-07 16:56:33
1021,2020-04-07 16:58:12,2020-04-07 17:01:22
1021,2020-04-07 17:02:11,2020-04-07 18:53:26
1021,2020-04-08 09:49:40,2020-04-08 11:47:43
1021,2020-04-08 11:48:07,2020-04-08 14:03:46
1021,2020-04-08 14:06:02,2020-04-08 16:21:51
1021,2020-04-08 16:22:24,2020-04-08 17:58:30
1021,2020-04-08 17:59:04,2020-04-08 18:58:42
1021,2020-04-09 09:03:39,2020-04-09 11:59:46
1021,2020-04-09 12:00:12,2020-04-09 13:14:17
1021,2020-04-09 13:14:52,2020-04-09 16:04:55
1021,2020-04-09 16:09:21,2020-04-09 16:09:21
1021,2020-04-09 16:19:59,2020-04-09 17:56:59
1021,2020-04-09 17:58:35,2020-04-09 18:13:03
1021,2020-04-11 09:07:09,2020-04-11 11:04:12
1021,2020-04-11 11:04:34,2020-04-11 16:56:46
1021,2020-04-11 17:05:57,2020-04-11 18:22:19
1021,2020-04-12 09:06:26,2020-04-12 14:17:29
1021,2020-04-12 14:17:51,2020-04-12 15:00:12
1021,2020-04-12 15:00:37,2020-04-12 17:11:12
1021,2020-04-12 17:12:19,2020-04-12 18:23:55
1021,2020-04-13 09:17:20,2020-04-13 11:57:18
1021,2020-04-13 11:57:40,2020-04-13 13:50:30
1021,2020-04-13 13:56:59,2020-04-13 15:02:36
1021,2020-04-13 15:03:03,2020-04-13 18:33:04
1022,2020-04-01 14:29:56,2020-04-01 21:13:37
1022,2020-04-02 11:57:10,2020-04-02 21:03:33
1022,2020-04-03 11:57:23,2020-04-03 15:28:43
1022,2020-04-03 15:41:57,2020-04-03 17:15:05
1022,2020-04-03 17:30:23,2020-04-03 18:46:27
1022,2020-04-03 18:47:27,2020-04-03 19:52:56
1022,2020-04-03 19:53:15,2020-04-03 21:05:01
1022,2020-04-04 11:54:35,2020-04-04 15:39:25
1022,2020-04-04 15:40:00,2020-04-04 21:04:33
1022,2020-04-06 12:12:05,2020-04-06 15:14:24
1022,2020-04-06 15:18:42,2020-04-06 15:40:13
1022,2020-04-06 16:05:52,2020-04-06 17:16:39
1022,2020-04-06 17:29:20,2020-04-06 21:07:16
1022,2020-04-06 21:07:40,2020-04-06 21:16:08
1022,2020-04-07 11:56:25,2020-04-07 12:37:04
1022,2020-04-07 12:40:01,2020-04-07 13:42:45
1022,2020-04-07 14:12:14,2020-04-07 21:02:31
1022,2020-04-08 11:56:56,2020-04-08 21:02:07
1022,2020-04-09 12:03:00,2020-04-09 16:04:55
1022,2020-04-09 16:20:32,2020-04-09 19:19:28
1022,2020-04-09 19:20:16,2020-04-09 21:02:17
1022,2020-04-10 11:58:40,2020-04-10 14:15:34
1022,2020-04-10 14:16:10,2020-04-10 14:50:26
1022,2020-04-10 14:50:45,2020-04-10 21:02:33
1022,2020-04-11 11:54:59,2020-04-11 14:29:58
1022,2020-04-11 14:30:18,2020-04-11 21:01:51
1022,2020-04-13 11:54:28,2020-04-13 18:30:13
1022,2020-04-13 18:30:41,2020-04-13 21:04:01
1023,2020-04-01 11:59:34,2020-04-01 15:59:01
1023,2020-04-01 16:14:49,2020-04-01 16:35:59
1023,2020-04-01 16:54:34,2020-04-01 18:23:05
1023,2020-04-01 18:30:00,2020-04-01 18:55:05
1023,2020-04-01 19:47:12,2020-04-01 20:11:15
1023,2020-04-01 20:43:10,2020-04-01 20:58:10
1023,2020-04-01 21:01:15,2020-04-01 21:16:15
1023,2020-04-02 12:04:24,2020-04-02 19:33:15
1023,2020-04-02 19:57:47,2020-04-02 21:34:38
1023,2020-04-04 12:03:58,2020-04-04 12:29:28
1023,2020-04-04 12:42:18,2020-04-04 13:34:49
1023,2020-04-04 13:37:09,2020-04-04 19:23:32
1023,2020-04-04 19:25:50,2020-04-04 21:00:03
1023,2020-04-05 12:04:45,2020-04-05 12:05:54
1023,2020-04-05 12:11:16,2020-04-05 12:12:09
1023,2020-04-05 12:12:29,2020-04-05 21:04:28
1023,2020-04-06 12:17:36,2020-04-06 13:57:07
1023,2020-04-06 14:11:29,2020-04-06 15:14:24
1023,2020-04-06 16:03:14,2020-04-06 18:14:08
1023,2020-04-06 19:27:33,2020-04-06 20:25:04
1023,2020-04-07 12:08:19,2020-04-07 14:00:58
1023,2020-04-07 14:19:50,2020-04-07 21:17:55
1023,2020-04-09 12:19:24,2020-04-09 16:04:55
1023,2020-04-09 16:23:03,2020-04-09 18:42:18
1023,2020-04-09 19:13:45,2020-04-09 19:18:23
1023,2020-04-09 19:23:11,2020-04-09 20:18:35
1023,2020-04-09 20:55:49,2020-04-09 21:40:02
1023,2020-04-10 12:16:44,2020-04-10 13:20:47
1023,2020-04-10 13:32:29,2020-04-10 17:47:43
1023,2020-04-10 17:56:13,2020-04-10 22:11:13
1023,2020-04-11 12:14:10,2020-04-11 13:25:33
1023,2020-04-11 13:53:40,2020-04-11 14:48:44
1023,2020-04-11 14:54:53,2020-04-11 16:25:51
1023,2020-04-11 16:26:57,2020-04-11 16:40:49
1023,2020-04-11 16:41:19,2020-04-11 19:29:06
1023,2020-04-11 19:37:26,2020-04-11 21:15:22
1023,2020-04-12 12:23:23,2020-04-12 12:52:23
1023,2020-04-12 12:56:28,2020-04-12 16:50:06
1023,2020-04-12 16:51:24,2020-04-12 20:14:32
1023,2020-04-13 12:14:15,2020-04-13 21:10:13
1024,2020-04-01 09:07:36,2020-04-01 10:35:56
1024,2020-04-01 10:36:28,2020-04-01 10:36:35
1024,2020-04-01 10:37:44,2020-04-01 11:20:49
1024,2020-04-01 11:23:29,2020-04-01 12:09:43
1024,2020-04-01 12:20:49,2020-04-01 12:32:46
1024,2020-04-01 12:43:03,2020-04-01 13:14:03
1024,2020-04-01 13:16:55,2020-04-01 13:20:17
1024,2020-04-01 13:20:36,2020-04-01 13:48:11
1024,2020-04-01 14:33:23,2020-04-01 14:44:50
1024,2020-04-01 14:50:25,2020-04-01 14:55:45
1024,2020-04-01 15:05:21,2020-04-01 15:12:23
1024,2020-04-01 15:20:08,2020-04-01 16:22:09
1024,2020-04-01 16:23:02,2020-04-01 18:36:32
1024,2020-04-02 09:09:12,2020-04-02 11:12:47
1024,2020-04-02 11:29:48,2020-04-02 12:19:42
1024,2020-04-02 12:19:59,2020-04-02 12:52:07
1024,2020-04-02 13:35:22,2020-04-02 13:49:44
1024,2020-04-02 13:56:18,2020-04-02 14:10:05
1024,2020-04-02 14:25:53,2020-04-02 14:26:35
1024,2020-04-02 14:32:21,2020-04-02 14:39:25
1024,2020-04-02 14:39:42,2020-04-02 16:16:06
1024,2020-04-02 16:43:06,2020-04-02 18:22:31
1024,2020-04-02 18:23:31,2020-04-02 18:50:06
1024,2020-04-03 09:41:57,2020-04-03 13:58:20
1024,2020-04-03 14:25:47,2020-04-03 15:23:27
1024,2020-04-03 16:07:26,2020-04-03 16:50:55
1024,2020-04-03 17:12:52,2020-04-03 17:15:05
1024,2020-04-03 17:18:17,2020-04-03 18:42:46
1024,2020-04-04 09:22:25,2020-04-04 14:05:10
1024,2020-04-04 14:32:46,2020-04-04 18:34:06
1024,2020-04-04 18:34:22,2020-04-04 19:00:17
1024,2020-04-05 09:48:37,2020-04-05 11:55:56
1024,2020-04-05 11:57:49,2020-04-05 13:15:51
1024,2020-04-05 13:16:23,2020-04-05 17:13:59
1024,2020-04-05 17:15:55,2020-04-05 20:03:47
1024,2020-04-06 09:26:38,2020-04-06 12:24:47
1024,2020-04-06 12:26:49,2020-04-06 15:14:24
1024,2020-04-06 15:17:30,2020-04-06 15:17:30
1024,2020-04-06 15:58:50,2020-04-06 16:57:18
1024,2020-04-06 17:00:14,2020-04-06 18:21:36
1024,2020-04-06 18:21:54,2020-04-06 18:53:41
1024,2020-04-07 09:25:30,2020-04-07 13:39:28
1024,2020-04-07 16:55:33,2020-04-07 17:54:15
1024,2020-04-07 17:55:55,2020-04-07 20:33:25
1024,2020-04-08 09:19:45,2020-04-08 16:38:40
1024,2020-04-08 16:44:47,2020-04-08 18:58:34
1024,2020-04-11 09:08:53,2020-04-11 12:26:00
1024,2020-04-11 12:41:11,2020-04-11 13:37:10
1024,2020-04-11 13:37:29,2020-04-11 16:24:08
1024,2020-04-11 16:55:56,2020-04-11 18:45:06
1024,2020-04-11 18:45:29,2020-04-11 18:50:52
1024,2020-04-12 09:26:04,2020-04-12 10:38:25
1024,2020-04-12 10:46:47,2020-04-12 14:56:56
1024,2020-04-12 14:57:15,2020-04-12 16:16:49
1024,2020-04-12 16:18:46,2020-04-12 19:05:13
1024,2020-04-13 11:35:28,2020-04-13 15:19:12
1024,2020-04-13 15:21:19,2020-04-13 21:07:18
1024,2020-04-13 21:10:16,2020-04-13 21:11:36
1026,2020-04-09 13:45:43,2020-04-09 14:37:27
1026,2020-04-09 14:37:56,2020-04-09 15:11:50
1026,2020-04-09 15:12:24,2020-04-09 16:04:55
1026,2020-04-09 16:10:28,2020-04-09 16:10:43
1026,2020-04-09 16:58:47,2020-04-09 18:14:14
1026,2020-04-09 18:14:44,2020-04-09 19:19:33
1026,2020-04-09 19:23:17,2020-04-09 21:00:43
1026,2020-04-10 10:42:36,2020-04-10 10:52:52
1026,2020-04-10 10:54:03,2020-04-10 12:09:37
1026,2020-04-10 12:12:27,2020-04-10 12:16:24
1026,2020-04-10 12:18:10,2020-04-10 12:31:42
1026,2020-04-10 12:32:52,2020-04-10 13:03:34
1026,2020-04-10 13:04:07,2020-04-10 14:32:46
1026,2020-04-10 14:33:23,2020-04-10 16:40:19
1026,2020-04-10 16:40:52,2020-04-10 18:52:46
1026,2020-04-10 18:53:15,2020-04-10 19:44:20
1026,2020-04-10 19:44:58,2020-04-10 20:43:11
1026,2020-04-11 10:55:07,2020-04-11 11:22:47
1026,2020-04-11 11:23:13,2020-04-11 13:20:05
1026,2020-04-11 13:20:29,2020-04-11 14:19:23
1026,2020-04-11 14:34:53,2020-04-11 15:05:30
1026,2020-04-11 15:05:56,2020-04-11 16:04:48
1026,2020-04-11 16:57:50,2020-04-11 18:54:53
1026,2020-04-11 19:03:36,2020-04-11 19:58:07
1026,2020-04-11 19:58:31,2020-04-11 19:59:43
1026,2020-04-12 11:22:07,2020-04-12 12:20:49
1026,2020-04-12 13:18:52,2020-04-12 14:53:45
1026,2020-04-12 15:16:11,2020-04-12 16:14:59
1026,2020-04-12 17:20:08,2020-04-12 18:19:19
1026,2020-04-12 19:24:20,2020-04-12 20:30:24
1026,2020-04-13 11:10:51,2020-04-13 12:09:35
1026,2020-04-13 13:13:30,2020-04-13 14:12:28
1026,2020-04-13 14:23:08,2020-04-13 19:45:31
1026,2020-04-13 19:55:16,2020-04-13 20:16:38
1027,2020-04-10 12:21:36,2020-04-10 12:27:05
1027,2020-04-10 12:28:21,2020-04-10 13:12:38
1027,2020-04-10 13:13:12,2020-04-10 13:55:57
1027,2020-04-10 13:56:31,2020-04-10 15:21:02
1027,2020-04-10 15:21:35,2020-04-10 16:12:37
1027,2020-04-10 16:13:26,2020-04-10 16:19:29
1027,2020-04-10 16:20:20,2020-04-10 16:47:14
1027,2020-04-10 16:47:46,2020-04-10 16:51:37
1027,2020-04-10 16:54:11,2020-04-10 18:14:00
1027,2020-04-10 18:15:55,2020-04-10 18:28:19
1027,2020-04-10 18:31:16,2020-04-10 18:32:44
1027,2020-04-10 18:34:31,2020-04-10 19:14:48
1027,2020-04-10 19:15:23,2020-04-10 20:48:25
1027,2020-04-10 21:04:01,2020-04-10 21:08:41
1027,2020-04-11 10:59:54,2020-04-11 11:06:08
1027,2020-04-11 11:07:22,2020-04-11 11:13:57
1027,2020-04-11 11:14:29,2020-04-11 11:17:51
1027,2020-04-11 11:18:20,2020-04-11 12:11:07
1027,2020-04-11 12:11:38,2020-04-11 12:31:38
1027,2020-04-11 12:32:07,2020-04-11 12:34:17
1027,2020-04-11 12:35:35,2020-04-11 15:05:47
1027,2020-04-11 15:06:19,2020-04-11 15:10:35
1027,2020-04-11 15:13:43,2020-04-11 15:25:30
1027,2020-04-11 15:28:20,2020-04-11 15:30:59
1027,2020-04-11 15:33:56,2020-04-11 16:59:17
1027,2020-04-11 16:59:51,2020-04-11 18:32:02
1027,2020-04-11 18:32:31,2020-04-11 18:50:57
1027,2020-04-11 18:51:54,2020-04-11 19:11:59
1027,2020-04-11 19:12:49,2020-04-11 19:18:22
1027,2020-04-11 19:18:50,2020-04-11 20:22:59
1027,2020-04-12 11:41:07,2020-04-12 11:47:31
1027,2020-04-12 11:52:00,2020-04-12 12:30:13
1027,2020-04-12 12:31:27,2020-04-12 12:46:31
1027,2020-04-12 12:59:19,2020-04-12 13:05:40
1027,2020-04-12 13:32:30,2020-04-12 14:12:31
1027,2020-04-12 14:16:25,2020-04-12 15:19:28
1027,2020-04-12 15:19:57,2020-04-12 15:24:45
1027,2020-04-12 15:25:14,2020-04-12 15:37:09
1027,2020-04-12 15:37:38,2020-04-12 16:31:28
1027,2020-04-12 17:20:20,2020-04-12 17:26:15
1027,2020-04-12 17:27:12,2020-04-12 18:27:16
1027,2020-04-12 18:27:46,2020-04-12 18:40:06
1027,2020-04-12 18:40:44,2020-04-12 20:01:34
1027,2020-04-12 20:02:02,2020-04-12 20:04:57
1027,2020-04-12 20:05:24,2020-04-12 20:25:49
1027,2020-04-12 20:26:16,2020-04-12 20:33:02
1027,2020-04-12 20:33:29,2020-04-12 20:35:28
1027,2020-04-12 20:36:03,2020-04-12 20:45:42
1027,2020-04-13 11:14:11,2020-04-13 11:20:39
1027,2020-04-13 11:35:35,2020-04-13 11:38:27
1027,2020-04-13 11:41:09,2020-04-13 12:16:06
1027,2020-04-13 12:16:39,2020-04-13 13:31:21
1027,2020-04-13 14:09:26,2020-04-13 14:15:42
1027,2020-04-13 14:16:10,2020-04-13 14:18:38
1027,2020-04-13 14:20:49,2020-04-13 14:28:28
1027,2020-04-13 14:28:56,2020-04-13 14:31:51
1027,2020-04-13 14:32:19,2020-04-13 14:47:18
1027,2020-04-13 14:47:45,2020-04-13 14:49:32
1027,2020-04-13 14:51:24,2020-04-13 16:32:03
1027,2020-04-13 16:47:07,2020-04-13 16:51:09
1027,2020-04-13 16:52:12,2020-04-13 17:13:53
1027,2020-04-13 17:14:27,2020-04-13 17:17:53
1027,2020-04-13 18:28:05,2020-04-13 18:29:48
1027,2020-04-13 18:30:19,2020-04-13 18:48:49
1027,2020-04-13 18:49:17,2020-04-13 18:59:10
1027,2020-04-13 18:59:47,2020-04-13 21:00:49
1028,2020-04-01 08:57:39,2020-04-01 11:10:19
1028,2020-04-01 11:11:00,2020-04-01 15:33:14
1028,2020-04-01 15:58:46,2020-04-01 18:15:10
1028,2020-04-02 09:02:48,2020-04-02 10:35:41
1028,2020-04-02 10:36:23,2020-04-02 15:14:30
1028,2020-04-02 15:15:20,2020-04-02 18:34:28
1028,2020-04-02 18:36:15,2020-04-02 19:09:11
1028,2020-04-03 09:01:33,2020-04-03 09:06:01
1028,2020-04-03 09:06:37,2020-04-03 10:49:53
1028,2020-04-03 10:50:26,2020-04-03 11:45:47
1028,2020-04-03 11:46:20,2020-04-03 15:43:29
1028,2020-04-03 15:44:21,2020-04-03 16:13:56
1028,2020-04-03 16:14:23,2020-04-03 16:46:00
1028,2020-04-03 16:46:22,2020-04-03 17:15:05
1028,2020-04-03 17:21:04,2020-04-03 18:23:28
1028,2020-04-04 08:59:57,2020-04-04 12:08:03
1028,2020-04-04 12:11:34,2020-04-04 12:27:22
1028,2020-04-04 12:32:38,2020-04-04 12:48:46
1028,2020-04-04 13:04:19,2020-04-04 13:25:55
1028,2020-04-04 13:38:57,2020-04-04 14:01:43
1028,2020-04-04 14:02:05,2020-04-04 14:49:37
1028,2020-04-04 14:55:19,2020-04-04 15:48:38
1028,2020-04-04 15:52:17,2020-04-04 18:51:06
1028,2020-04-06 09:01:08,2020-04-06 12:29:35
1028,2020-04-06 12:30:00,2020-04-06 13:19:26
1028,2020-04-06 13:20:01,2020-04-06 13:50:41
1028,2020-04-06 13:51:03,2020-04-06 15:14:24
1028,2020-04-06 15:17:52,2020-04-06 15:18:06
1028,2020-04-06 16:28:46,2020-04-06 16:40:35
1028,2020-04-06 16:41:43,2020-04-06 19:23:11
1028,2020-04-07 09:04:46,2020-04-07 12:21:26
1028,2020-04-07 12:21:59,2020-04-07 12:31:18
1028,2020-04-07 13:01:39,2020-04-07 13:02:26
1028,2020-04-07 14:19:40,2020-04-07 19:40:19
1028,2020-04-08 09:10:47,2020-04-08 18:29:40
1028,2020-04-09 09:17:03,2020-04-09 10:17:13
1028,2020-04-09 10:17:40,2020-04-09 12:17:47
1028,2020-04-09 12:19:33,2020-04-09 16:04:55
1028,2020-04-09 16:08:18,2020-04-09 16:18:34
1028,2020-04-09 16:19:42,2020-04-09 18:47:52
1028,2020-04-10 09:15:05,2020-04-10 18:42:22
1028,2020-04-11 09:02:02,2020-04-11 12:12:09
1028,2020-04-11 12:12:33,2020-04-11 14:21:41
1028,2020-04-11 14:22:20,2020-04-11 18:29:33
1028,2020-04-12 09:09:58,2020-04-12 18:13:59
1030,2020-04-01 09:58:37,2020-04-01 11:22:17
1030,2020-04-01 11:22:48,2020-04-01 12:17:39
1030,2020-04-01 12:18:06,2020-04-01 13:51:00
1030,2020-04-01 13:51:39,2020-04-01 14:36:57
1030,2020-04-01 14:37:50,2020-04-01 15:09:26
1030,2020-04-01 15:10:09,2020-04-01 16:33:17
1030,2020-04-01 16:34:00,2020-04-01 17:12:22
1030,2020-04-01 17:12:46,2020-04-01 17:33:19
1030,2020-04-01 17:33:41,2020-04-01 18:40:45
1030,2020-04-01 18:41:05,2020-04-01 19:03:13
1030,2020-04-02 10:01:54,2020-04-02 10:28:10
1030,2020-04-02 10:28:39,2020-04-02 11:01:55
1030,2020-04-02 11:02:52,2020-04-02 11:22:50
1030,2020-04-02 11:25:00,2020-04-02 11:45:19
1030,2020-04-02 11:45:45,2020-04-02 13:26:09
1030,2020-04-02 13:28:35,2020-04-02 13:34:08
1030,2020-04-02 13:35:31,2020-04-02 15:01:11
1030,2020-04-02 15:01:42,2020-04-02 15:05:07
1030,2020-04-02 15:05:33,2020-04-02 16:15:32
1030,2020-04-02 16:16:08,2020-04-02 17:04:48
1030,2020-04-02 17:05:29,2020-04-02 18:03:42
1030,2020-04-02 18:04:10,2020-04-02 18:39:48
1030,2020-04-02 18:40:25,2020-04-02 18:54:46
1030,2020-04-02 18:55:21,2020-04-02 19:05:33
1030,2020-04-03 09:29:05,2020-04-03 09:37:50
1030,2020-04-03 09:38:37,2020-04-03 11:06:21
1030,2020-04-03 11:06:44,2020-04-03 11:32:59
1030,2020-04-03 11:33:28,2020-04-03 13:10:45
1030,2020-04-03 13:12:22,2020-04-03 13:17:40
1030,2020-04-03 13:21:01,2020-04-03 14:05:15
1030,2020-04-03 14:05:40,2020-04-03 15:37:52
1030,2020-04-03 15:39:01,2020-04-03 15:48:04
1030,2020-04-03 15:50:50,2020-04-03 16:03:10
1030,2020-04-03 16:03:42,2020-04-03 16:23:52
1030,2020-04-03 16:24:15,2020-04-03 17:15:05
1030,2020-04-03 17:18:30,2020-04-03 17:32:08
1030,2020-04-03 17:37:22,2020-04-03 18:00:48
1030,2020-04-03 18:01:16,2020-04-03 18:31:05
1030,2020-04-04 09:22:37,2020-04-04 11:10:03
1030,2020-04-04 11:10:26,2020-04-04 15:01:51
1030,2020-04-04 15:02:19,2020-04-04 16:46:13
1030,2020-04-04 16:47:51,2020-04-04 16:55:32
1030,2020-04-04 16:56:05,2020-04-04 17:15:31
1030,2020-04-04 17:16:23,2020-04-04 17:20:40
1030,2020-04-04 17:21:02,2020-04-04 17:34:24
1030,2020-04-04 17:36:13,2020-04-04 17:49:17
1030,2020-04-04 17:51:15,2020-04-04 17:52:21
1030,2020-04-04 17:57:09,2020-04-04 18:15:03
1030,2020-04-04 18:15:30,2020-04-04 18:25:26
1030,2020-04-06 09:31:54,2020-04-06 11:27:34
1030,2020-04-06 11:28:08,2020-04-06 12:07:54
1030,2020-04-06 12:08:36,2020-04-06 14:05:52
1030,2020-04-06 14:06:18,2020-04-06 14:14:33
1030,2020-04-06 14:14:57,2020-04-06 15:14:24
1030,2020-04-06 15:18:13,2020-04-06 15:49:18
1030,2020-04-06 15:58:17,2020-04-06 16:56:50
1030,2020-04-06 17:02:18,2020-04-06 17:15:53
1030,2020-04-06 17:21:46,2020-04-06 18:20:18
1030,2020-04-06 18:20:47,2020-04-06 18:31:01
1030,2020-04-07 09:24:53,2020-04-07 11:15:49
1030,2020-04-07 11:16:13,2020-04-07 12:24:41
1030,2020-04-07 12:28:12,2020-04-07 13:43:20
1030,2020-04-07 13:43:46,2020-04-07 13:44:43
1030,2020-04-07 14:16:53,2020-04-07 16:03:31
1030,2020-04-07 16:03:59,2020-04-07 16:27:15
1030,2020-04-07 16:27:36,2020-04-07 17:47:04
1030,2020-04-07 17:47:26,2020-04-07 17:55:15
1030,2020-04-07 17:56:14,2020-04-07 18:27:43
1030,2020-04-08 10:02:15,2020-04-08 10:12:26
1030,2020-04-08 10:13:57,2020-04-08 11:55:00
1030,2020-04-08 11:55:23,2020-04-08 13:08:55
1030,2020-04-08 13:09:18,2020-04-08 15:01:24
1030,2020-04-08 15:01:55,2020-04-08 15:51:29
1030,2020-04-08 15:51:54,2020-04-08 16:35:05
1030,2020-04-08 16:35:32,2020-04-08 17:46:26
1030,2020-04-08 18:34:37,2020-04-08 19:02:36
1030,2020-04-09 08:58:31,2020-04-09 11:03:32
1030,2020-04-09 11:03:57,2020-04-09 12:30:34
1030,2020-04-09 12:31:31,2020-04-09 14:06:04
1030,2020-04-09 14:06:26,2020-04-09 14:48:43
1030,2020-04-09 14:49:05,2020-04-09 15:29:07
1030,2020-04-09 15:29:31,2020-04-09 16:04:55
1030,2020-04-09 16:09:11,2020-04-09 16:17:24
1030,2020-04-09 16:18:04,2020-04-09 16:18:49
1030,2020-04-09 16:20:37,2020-04-09 16:24:02
1030,2020-04-09 16:24:32,2020-04-09 16:59:32
1030,2020-04-09 17:00:03,2020-04-09 17:04:51
1030,2020-04-09 17:05:13,2020-04-09 18:00:16
1030,2020-04-11 08:59:02,2020-04-11 10:00:08
1030,2020-04-11 10:00:32,2020-04-11 13:49:39
1030,2020-04-11 13:50:01,2020-04-11 16:50:20
1030,2020-04-11 16:50:49,2020-04-11 17:08:56
1030,2020-04-11 17:09:32,2020-04-11 17:12:45
1030,2020-04-11 17:14:29,2020-04-11 17:56:18
1030,2020-04-11 17:56:39,2020-04-11 18:05:04
1030,2020-04-12 09:01:00,2020-04-12 13:35:57
1030,2020-04-12 13:36:21,2020-04-12 13:52:24
1030,2020-04-12 13:54:15,2020-04-12 15:01:32
1030,2020-04-12 15:01:55,2020-04-12 15:41:33
1030,2020-04-12 15:42:15,2020-04-12 17:05:18
1030,2020-04-12 17:05:38,2020-04-12 17:34:54
1030,2020-04-13 09:04:13,2020-04-13 10:28:55
1030,2020-04-13 10:31:21,2020-04-13 11:22:49
1030,2020-04-13 11:23:32,2020-04-13 15:09:18
1030,2020-04-13 15:10:13,2020-04-13 16:23:15
1030,2020-04-13 16:23:55,2020-04-13 16:57:31
1030,2020-04-13 16:58:25,2020-04-13 17:56:30
1030,2020-04-13 17:57:14,2020-04-13 18:10:43
1031,2020-04-02 12:59:32,2020-04-02 16:11:05
1031,2020-04-07 11:47:04,2020-04-07 11:52:25
1031,2020-04-07 11:54:47,2020-04-07 13:14:18
1031,2020-04-07 13:14:43,2020-04-07 13:18:02
1031,2020-04-08 18:05:21,2020-04-08 19:47:05
1031,2020-04-09 17:00:46,2020-04-09 18:21:25
1032,2020-04-01 08:58:36,2020-04-01 16:19:43
1032,2020-04-01 16:20:28,2020-04-01 17:59:44
1032,2020-04-01 18:00:18,2020-04-01 18:14:48
1032,2020-04-03 09:36:17,2020-04-03 10:35:51
1032,2020-04-03 10:39:01,2020-04-03 12:17:26
1032,2020-04-03 12:18:18,2020-04-03 12:58:51
1032,2020-04-03 12:59:42,2020-04-03 13:19:18
1032,2020-04-03 13:29:32,2020-04-03 15:04:29
1032,2020-04-03 15:05:40,2020-04-03 15:23:22
1032,2020-04-03 15:36:21,2020-04-03 17:11:33
1032,2020-04-03 17:13:50,2020-04-03 17:15:05
1032,2020-04-03 17:18:04,2020-04-03 17:21:37
1032,2020-04-03 17:22:12,2020-04-03 18:46:04
1032,2020-04-04 10:01:11,2020-04-04 11:14:35
1032,2020-04-04 11:15:06,2020-04-04 14:35:03
1032,2020-04-04 14:53:44,2020-04-04 18:48:47
1032,2020-04-04 18:55:40,2020-04-04 19:02:44
1032,2020-04-05 09:43:59,2020-04-05 11:59:27
1032,2020-04-05 11:59:58,2020-04-05 14:01:00
1032,2020-04-05 14:01:30,2020-04-05 14:54:43
1032,2020-04-05 15:11:04,2020-04-05 15:56:23
1032,2020-04-05 15:57:28,2020-04-05 18:11:13
1032,2020-04-05 18:15:02,2020-04-05 19:02:42
1032,2020-04-06 09:46:24,2020-04-06 10:03:58
1032,2020-04-06 10:04:39,2020-04-06 10:34:22
1032,2020-04-06 10:35:17,2020-04-06 10:56:02
1032,2020-04-06 10:57:36,2020-04-06 11:13:57
1032,2020-04-06 11:14:35,2020-04-06 12:21:30
1032,2020-04-06 12:22:35,2020-04-06 15:14:24
1032,2020-04-06 15:17:25,2020-04-06 15:46:58
1032,2020-04-06 15:47:35,2020-04-06 15:47:48
1032,2020-04-06 15:59:12,2020-04-06 17:41:10
1032,2020-04-06 17:41:30,2020-04-06 19:00:57
1032,2020-04-06 19:07:58,2020-04-06 19:31:55
1032,2020-04-07 09:33:42,2020-04-07 10:32:48
1032,2020-04-07 10:38:37,2020-04-07 11:21:21
1032,2020-04-07 11:21:50,2020-04-07 11:56:43
1032,2020-04-07 11:57:15,2020-04-07 13:35:59
1032,2020-04-07 13:42:41,2020-04-07 13:56:40
1032,2020-04-07 14:03:05,2020-04-07 15:20:51
1032,2020-04-07 15:21:32,2020-04-07 16:05:54
1032,2020-04-07 16:06:34,2020-04-07 16:45:48
1032,2020-04-07 17:06:10,2020-04-07 19:02:50
1032,2020-04-08 09:32:35,2020-04-08 10:29:56
1032,2020-04-08 10:42:26,2020-04-08 10:57:50
1032,2020-04-08 10:58:27,2020-04-08 11:42:20
1032,2020-04-08 11:56:01,2020-04-08 12:24:55
1032,2020-04-08 12:25:20,2020-04-08 12:29:46
1032,2020-04-08 12:36:09,2020-04-08 14:02:43
1032,2020-04-08 14:03:28,2020-04-08 14:08:03
1032,2020-04-08 14:08:38,2020-04-08 16:29:49
1032,2020-04-08 16:31:04,2020-04-08 16:38:44
1032,2020-04-08 16:39:16,2020-04-08 18:49:49
1032,2020-04-09 09:00:22,2020-04-09 10:27:56
1032,2020-04-09 10:29:52,2020-04-09 11:07:26
1032,2020-04-09 11:07:59,2020-04-09 12:28:53
1032,2020-04-09 12:29:21,2020-04-09 16:04:55
1032,2020-04-09 16:11:24,2020-04-09 16:13:58
1032,2020-04-09 16:55:31,2020-04-09 18:18:58
1032,2020-04-11 09:29:36,2020-04-11 11:04:25
1032,2020-04-11 11:04:55,2020-04-11 11:57:40
1032,2020-04-11 12:07:40,2020-04-11 13:51:52
1032,2020-04-11 14:07:38,2020-04-11 14:51:50
1032,2020-04-11 14:52:18,2020-04-11 19:05:52
1032,2020-04-12 09:52:24,2020-04-12 10:49:55
1032,2020-04-12 12:11:46,2020-04-12 14:53:47
1032,2020-04-12 14:54:24,2020-04-12 16:18:27
1032,2020-04-12 16:21:28,2020-04-12 18:12:39
1032,2020-04-12 18:17:10,2020-04-12 18:48:07
1032,2020-04-12 18:48:32,2020-04-12 19:03:00
1032,2020-04-13 09:35:55,2020-04-13 10:51:58
1032,2020-04-13 10:52:32,2020-04-13 11:53:50
1032,2020-04-13 12:06:03,2020-04-13 14:59:05
1032,2020-04-13 14:59:29,2020-04-13 18:54:43
1033,2020-04-01 12:11:57,2020-04-01 17:50:58
1033,2020-04-01 19:08:27,2020-04-01 20:48:28
1033,2020-04-03 12:04:20,2020-04-03 15:50:08
1033,2020-04-03 15:50:42,2020-04-03 17:15:05
1033,2020-04-03 18:48:44,2020-04-03 21:32:21
1033,2020-04-04 11:27:18,2020-04-04 14:05:10
1033,2020-04-04 14:08:39,2020-04-04 19:10:32
1033,2020-04-05 11:52:07,2020-04-05 15:15:49
1033,2020-04-05 15:34:19,2020-04-05 17:53:17
1033,2020-04-06 12:00:49,2020-04-06 12:23:06
1033,2020-04-06 12:24:01,2020-04-06 14:10:23
1033,2020-04-06 14:11:43,2020-04-06 15:14:24
1033,2020-04-06 15:17:52,2020-04-06 15:39:44
1033,2020-04-06 18:08:05,2020-04-06 19:17:38
1033,2020-04-08 12:25:32,2020-04-08 13:49:36
1033,2020-04-08 13:50:07,2020-04-08 14:26:49
1033,2020-04-08 14:27:38,2020-04-08 15:34:39
1033,2020-04-08 17:59:43,2020-04-08 18:04:44
1033,2020-04-08 19:47:33,2020-04-08 19:48:57
1033,2020-04-08 19:49:52,2020-04-08 21:02:00
1033,2020-04-09 11:45:13,2020-04-09 12:41:00
1033,2020-04-09 19:02:45,2020-04-09 19:19:35
1033,2020-04-09 19:20:57,2020-04-09 20:49:22
1033,2020-04-10 11:16:35,2020-04-10 11:49:02
1033,2020-04-10 14:10:47,2020-04-10 14:54:08
1033,2020-04-10 14:54:37,2020-04-10 15:50:36
1033,2020-04-10 18:29:59,2020-04-10 19:08:05
1033,2020-04-10 19:08:55,2020-04-10 20:35:46
1033,2020-04-11 11:03:46,2020-04-11 11:39:19
1033,2020-04-11 11:40:35,2020-04-11 13:25:33
1033,2020-04-11 19:17:14,2020-04-11 19:52:12
1033,2020-04-12 13:01:41,2020-04-12 15:01:02
1033,2020-04-12 15:01:34,2020-04-12 15:41:33
1033,2020-04-12 15:42:07,2020-04-12 18:31:09
1033,2020-04-12 19:13:12,2020-04-12 20:06:10
1033,2020-04-13 11:13:41,2020-04-13 11:27:42
1033,2020-04-13 11:36:02,2020-04-13 13:20:58
1033,2020-04-13 13:25:20,2020-04-13 15:14:39
1033,2020-04-13 15:15:48,2020-04-13 15:18:40
1033,2020-04-13 15:21:02,2020-04-13 19:13:09
1033,2020-04-13 19:19:12,2020-04-13 19:20:56
1033,2020-04-13 19:28:48,2020-04-13 20:09:55
1034,2020-04-01 11:24:14,2020-04-01 14:43:55
1034,2020-04-01 14:44:15,2020-04-01 19:53:07
1034,2020-04-01 19:53:29,2020-04-01 21:05:35
1034,2020-04-02 11:16:20,2020-04-02 20:33:06
1034,2020-04-03 11:33:20,2020-04-03 15:23:25
1034,2020-04-03 15:29:59,2020-04-03 17:15:05
1034,2020-04-03 17:20:09,2020-04-03 18:42:45
1034,2020-04-03 18:43:54,2020-04-03 20:44:25
1034,2020-04-04 11:52:16,2020-04-04 18:09:56
1034,2020-04-04 18:12:07,2020-04-04 21:07:01
1034,2020-04-05 09:02:54,2020-04-05 10:13:33
1034,2020-04-05 10:14:01,2020-04-05 18:36:31
1034,2020-04-07 10:41:10,2020-04-07 13:25:38
1034,2020-04-07 13:31:43,2020-04-07 13:31:43
1034,2020-04-07 14:07:13,2020-04-07 15:49:21
1034,2020-04-07 15:54:36,2020-04-07 20:05:32
1034,2020-04-08 11:18:53,2020-04-08 12:01:51
1034,2020-04-08 12:16:46,2020-04-08 17:17:19
1034,2020-04-08 17:19:27,2020-04-08 19:59:21
1034,2020-04-08 20:07:53,2020-04-08 21:07:49
1034,2020-04-09 10:51:38,2020-04-09 16:04:55
1034,2020-04-09 16:08:14,2020-04-09 16:16:27
1034,2020-04-09 16:19:41,2020-04-09 16:56:25
1034,2020-04-09 17:12:28,2020-04-09 19:18:12
1034,2020-04-09 19:25:31,2020-04-09 20:51:53
1034,2020-04-10 10:51:11,2020-04-10 11:57:28
1034,2020-04-10 11:58:54,2020-04-10 17:11:00
1034,2020-04-10 17:11:38,2020-04-10 20:56:20
1034,2020-04-11 10:35:56,2020-04-11 20:37:23
1034,2020-04-13 10:26:30,2020-04-13 16:38:15
1034,2020-04-13 17:34:09,2020-04-13 20:43:12
